sku,store_view_code,name,description,short_description
24-MB01,luma_nl_nl,,"<P> De sportieve Joust Duffle Bag kan niet worden overtroffen - niet in de sportschool, niet op de bagageband, nergens. Groot genoeg om een ​​basketbal of voetbal en een aantal trainers met veel ruimte om reserve te halen, is het ideaal voor sporters met plaatsen om te gaan. <P>
<Ul>
<Li> Dubbele top handgrepen. </ Li>
<Li> Verstelbare schouderband. </ Li>
<Li> Full-length rits. </ Li>
<Li> L 29"" x B 13"" H x 11"" . </ Li>
</ Ul>",
24-MB04,luma_nl_nl,,"<P> Gemak is bijna niets wanneer uw dag is vol met actie. Dus of je gaat naar de klas, sportschool, of de ongeslagen pad, zorg ervoor dat je hebt je Streef Shoulder Pack gevuld met al uw essentials, en extra's als goed. </ P>
<Ul>
<Li> ritssluiting hoofdvak. </ Li>
<Li> Voor ritssluiting. </ Li>
<Li> kant gaas. </ Li>
<Li> Mobiele telefoon zak op band. </ Li>
<Li> Verstelbare schouderband en bovenste handvat. </ Li>
</ Ul>",
24-MB03,luma_nl_nl,Crown Summit Rugzak,"<P> The Crown Summit Backpack is even thuis in een sportschool locker, studie kubus of een pup tent, dus zorg ervoor dat de jouwe zit vol met boeken, een tas lunch, flessen water, yoga blok, laptop, of wat je wilt in hand. Robuust genoeg voor dag wandelingen en kamperen, heeft twee grote compartimenten rits en gevoerde, verstelbare schouderbanden. </ P>
<Ul>
<Li> Top handvat. </ Li>
<Li> Grommet gaten. </ Li>
<Li> Twee-weg ritsen. </ Li>
<Li> H 20"" W x 14"" x D 12"" . </ Li>
<Li> Gewicht: 2 pond, 8 oz. Volume:. 29 L </ li>
<Ul>",
24-MB05,luma_nl_nl,,"<P> Perfect voor de klas, het werk of de sportschool, de Wayfarer Messenger Bag zit vol met zakken. De dubbele gesp klepsluiting toont een organisatie-paneel en de ruime hoofdvak nog ruimte voor laptop en andere kleding. Een verstelbare schouderband en gemakkelijk handvat beloven eenvoudig dragen. </ P>
<Ul>
<Li> Multiple interne ritsen. </ Li>
<Li> Gemaakt van duurzaam nylon. </ Li>
</ Ul>",
24-MB06,luma_nl_nl,,"<P> De Rival Field Messenger pakt al uw campus, studio of het pad essentials in een uniek ontwerp van zachte, geweven leer - met veel karakter te sparen. Twee buitenzakken te houden van al uw kleinere items handig, en de ruime interieur biedt nog meer ruimte. </ P>
<Ul>
<Li> leder constructie. </ Li>
<Li> Verstelbare stof draagriem. </ Li>
<Li>. Afmetingen: 18"" x 10"" x 4"" </ li>
</ Ul>",
24-MB02,luma_nl_nl,Fusion Rugzak,"<P> Met de Fusion Backpack vastgebonden, elke tocht is een avontuur - zelfs een bus naar het werk. Dat is deels omdat twee grote compartimenten met ritssluiting slaan alles wat je nodig hebt, terwijl een front met ritssluiting en aan de zijkant mesh pouches zijn perfect voor het wegmoffelen van die kleine extra's, in het geval dat je van gedachten verandert en neem de vrije dag. </ P>
<Ul>
<Li> Duurzame nylon constructie. </ Li>
<Li> 2 main ritssluiting compartimenten. </ Li>
<Li> 1 buitenkant met ritssluiting. </ Li>
<Li> gazen zijzakken. </ Li>
<Li> Padded, verstelbare bandjes. </ Li>
<Li> Top draaggreep. </ Li>
<Li>. Afmetingen: 18"" x 10"" x 6"" </ li>
</ Ul>",
24-UB02,luma_nl_nl,,"<P> Goed voor uitstapjes naar het strand, spoor ontmoet, yoga retraites en nog veel meer, de Impulse Duffle is de metgezel je wilt aan uw zijde. Een groot U-vormige opening maakt het verpakken van een zorgeloos affaire, terwijl een rits binnenzak houdt sieraden en andere kleine kostbaarheden veilig weggestopt uit het zicht. </ P>
<Ul>
<Li> Wheeled. </ Li>
<Li> Dubbele draagriemen. </ Li>
<Li> Retractable top handvat. </ Li>
<Li> W 14"" x H 26"" x D 11"" . </ Li>
</ Ul>",
24-WB01,luma_nl_nl,Voyage Yoga Tas,"<P> Alles wat je nodig hebt voor een reis naar de sportschool zal passen in deze verrassend ruime Voyage Yoga Bag. Stock is met een fles water, verandering van kleding, een paar schoenen, en zelfs een paar beauty producten. Past in een locker en ritsen dicht voor de veiligheid. </ P>
<Ul>
<Li> Slip zak aan de voorzijde. </ Li>
<Li> biezen in contrasterende kleur. </ Li>
<Li> Duurzame nylon constructie. </ Li>
</ Ul>",
24-WB02,luma_nl_nl,Compete Track Tas,"<P> De Compete Track Tote heeft een groot aantal oefening levert met gemak. Stash je handdoek, jas en straat schoenen binnen. Tuck waterflessen in gemakkelijk toegankelijke buitenruimtes. Perfect voor uitstapjes naar de sportschool of yoga studio, met dubbele top handvatten voor het gemak van en naar. <P>
<Ul>
<Li> Twee-weg ritsen. </ Li>
<Li> Contrast detaillering. </ Li>
<Li> W 22.0"" x H 17"" x D 10"" . </ Li>
</ Ul>",
24-WB05,luma_nl_nl,Savvy Schouder Tas,"<P> Powerwalking naar de sportschool of een wandeling naar de plaatselijke koffiehuis, de Savvy Schouder Tote kunt u stash uw hoofdzaak in sportieve stijl! Een top-laadruimte biedt een snelle en gemakkelijke toegang tot grotere objecten, terwijl zakken met ritssluiting aan de voorzijde en hold kant contant geld, creditcards en telefoon. </ P>
<Ul>
<Li> waterdicht omhulsel. </ Li>
<Li> Water fles zak. </ Li>
<Li> Padded gelede schouderriem. </ Li>
<Li> Afmetingen:. B 21"" H x 15"" x D 10"" </ li>
</ Ul>",
24-WB06,luma_nl_nl,Endeavor Daypack,"<P> Met meer ruimte dan het lijkt, de Endeavour Daytrip rugzak zal een hele dag de moeite waard van boeken, bindmiddelen en een fitnessruimte kleren te houden. De ruime hoofdvak bevat een speciale laptop sleeve. Twee andere compartimenten hebben extra veel ruimte. </ P>
<Ul>
<Li> schuim gevoerde verstelbare schouderbanden. </ Li>
<Li> 900D polyester. </ Li>
<Li> Oversized ritsen. </ Li>
<Li> Locker loop. </ Li>
</ Ul>",
24-WB03,luma_nl_nl,Driven Rugzak,"<P> Schoolboeken, kamp spullen en yoga kleding opschieten prima in de all-purpose Driven Backpack. Vervaardigd met harde polyester ripstop, het is uitgerust met rubberen eindpanelen en gevoerde, verstelbare schouderbanden. De ruim hoofdvak is voorzien van gegoten schuim zakken die gastheer alles wat je nodig hebt. </ P>
<Ul>
<Li> Grote hoofd- en kleine ritscompartimenten. </ Li>
<Li> Verstelbare, gepolsterde schouderbanden. </ Li>
<Li> Binnen bescherming zakken. </ Li>
<Li> Buiten rits. </ Li>
<Li> Links sport fles zak. </ Li>
<Li> Survival gear apart verkocht. </ Li>
</ Ul>",
24-WB07,luma_nl_nl,,"<P> Voor lange weekenden weg, camping uitstapjes en zakenreizen, de Overnight Duffle kan niet kloppen. De dubbele handvatten maken het een makkie om te dragen, terwijl de duurzame waterdichte buitenkant helpt je minder over het weer zorgen. Met meerdere organisatorische zakken binnen en van buiten, het is de perfecte reisgenoot. </ P>
<Ul>
<Li> Dubbele top handgrepen. </ Li>
<Li> W 15"" x H 15"" x 9"" D. </ Li>
</ Ul>",
24-WB04,luma_nl_nl,,"<P> De naam zegt het, maar de Push It Messenger Bag is veel meer dan tote een drukke forensen. Het is een kast weg van huis als je trappen uit de klas of op het werk naar de sportschool en rug of weer thuis. Het is de perfecte grootte en vorm voor laptop, gevouwen kleding, zelfs extra schoenen. </ P>
<Ul>
<Li> Verstelbare crossbody riem. </ Li>
<Li> Top handvat. </ Li>
<Li> rits binnenzak. </ Li>
<Li> Veilig clip sluitingen. </ Li>
<Li> Duurzame weefselconstructie. </ Li>
</ Ul>",
24-UG06,luma_nl_nl,Affirm Waterfles,"<P> U zult gehydrateerd met gemak met de Affirm Water Bottle door uw kant of in de hand te blijven. Metingen op de hulp van buitenaf je bijhouden hoeveel je drinkt, terwijl de schroefdop voorkomt morsen. Een metalen karabijnhaak clip stelt u in staat om het te hechten aan de buitenkant van een rugzak of tas voor gemakkelijke toegang. </ P>
<Ul>
<Li> Gemaakt van plastic. </ Li>
<Li> gegroefde zijkanten voor een goede grip. </ Li>
</ Ul>",
24-UG07,luma_nl_nl,,"<P> Haal het meeste uit uw beperkte training venster met onze Dual-Handle Cardio Ball. De 15-lb bal maximaliseert de inspanning-impact op uw buik, bovenarm en onderlichaam spieren. Het beschikt over een handvat aan elke kant voor een stevige en veilige grip. </ P>
<Ul>
<Li> Duurzaam plastic frame met zand vullen.
<Li> twee handgrepen.
<Li> 15 pond.
</ Ul>",
24-UG04,luma_nl_nl,Zing Springtouw,"<P> Een van 's werelds eenvoudigste en meest draagbare oefening apparaten, een springtouw biedt keuze uit talloze variaties en fitness output. De Zing Jump Rope gaat overal en kan gebruikt worden elk moment. Het is in lengte verstelbaar en heeft schuimhandvatten vormgegeven voor een goede grip. </ P>
<Ul>
<Li> De contouren aangegeven foam handgrepen.
<Li> Verstelbare lengte.
</ Ul>",
24-UG02,luma_nl_nl,Pursuit Lumaflex&trade; Elastiek,"<P> Save je knieën en gewrichten terwijl het versterken van de armen, benen en kern met de Pursuit Lumaflex & trade; Tone Band. Deze ultra-duurzame training tool kunt u een full-body workout vrij van volumineuze machines of vrije gewichten te voltooien. </ P>
<Ul>
<Li> Huis en / of gebruik van de fitnessruimte. </ Li>
<Li> Ergonomische handvatten. </ Li>
</ Ul>",
24-UG05,luma_nl_nl,Go-Get'r Push-up Handgrepen,"<P> The Go-Get'r opdruksteunen veilig zorgen voor de extra bereik van de beweging die u nodig heeft voor een diepe dip routine targeting kern, schouder, borst en arm kracht. Doe minder pushups het gebruik van meer energie, betere resultaten sneller dan de standaard vloer-level techniek opbrengst. </ P>
<Ul>
<Li> Duurzaam foam grips. </ Li>
<Li> Ondersteunend base. </ Li>
</ Ul>",
24-UG01,luma_nl_nl,Quest Lumaflex&trade; Elastiek,"<P> Van leg extensions en staande kraakpanden om een ​​volledig assortiment van de vloer routines, de Quest Strength Band brengt uw eigen persoonlijke sportschool met je overal mee naar toe. Ontworpen om extra weerstand toe te voegen aan elke trainingssessie, deze sterkte band helpt u toon en je spieren te definiëren. U zult genieten van de extra comfort van de grip handvatten en verstelbare design. </ P>
<Ul>
<Li> past van 30"" tot 55"" .
<Li> Grippy het comfort handgrepen.
<Li> Elastische rubber constructie.
</ Ul>",
24-WG084,luma_nl_nl,Sprite Foam Yoga Blok,"<P> Onze-best verkopende yoga prop, de 4-inch, hoge kwaliteit Sprite Foam Yoga Brick is populair bij zowel yoga beginners en studio professionals. Een essentieel yoga accessoire, de yoga baksteen is een instrument van cruciaal belang voor het vinden van balans en uitlijning in veel voorkomende yoga houdingen. U kunt kiezen uit 5 kleuren. </ P>
<Ul>
<Li> Standaard Groot formaat: 4"" x 6"" x 9"" .
<Li> afgeschuinde randen voor een ideale contour grip.
<Li> Duurzaam en zacht, krasvast schuim.
<Li> Individueel verpakt.
<Li> Ten kleurkeuzes.
</ Ul>",
24-WG088,luma_nl_nl,,"<P> Het doet pijn zo goed om de Sprite Foam Roller te gebruiken op pijnlijke, vermoeide spieren voor myofasciale massage therapie. Of u kunt deze fundamentele stuk toe te voegen aan uw Pilates en yoga accouterment, of toe te passen in de richting van core stability, versterking en balans oefening. </ P>
<Ul>
<Li> 6 '' breed en 12 '' lang. </ Li>
<Li> Safe voor myofasciale release. </ Li>
<Li> EPP of PE-schuim opties. </ Li>
<Li> Solid, dicht, gesloten celstructuur. </ Li>
</ Ul>",
24-UG03,luma_nl_nl,Harmony Lumaflex&trade; Fitness Elastiek Set,"<P> Vergeet fantasie machines en dure lidmaatschappen - de Harmony Lumaflex & trade; Stength Band Kit is alles wat je nodig hebt voor een geweldige training. De kit heeft alles wat je nodig hebt voor een scala aan versterking en toning oefeningen. </ P>
<Ul>
<Li> Drie flex bands. </ Li>
<Li> Met textuur, ergonomische grip. </ Li>
<Li> Verstelbare lengtes. </ Li>
<Li> Mesh draagtas meegeleverd. </ Li>
</ Ul>",
24-MG04,luma_nl_nl,Aim Analoge Horloge,"<P> Stay voorsprong op de concurrentie met onze Doel Analog Watch lichtjaar. De flexibele, met rubber band is vormgegeven om te voldoen aan de vorm van uw pols voor een comfortabel de hele dag fit. Het gezicht heeft drie verlichte handen, een digitale uitlezing van de huidige tijd en stopwatch functies. </ P>
<Ul>
<Li> Japans quartz uurwerk. </ Li>
<Li> band past 7"" tot 8,0"" . </ Li>
</ Ul>",
24-MG01,luma_nl_nl,Endurance Horloge,"<P> Het is gemakkelijk op te sporen en te controleren uw training voortgang met de Endurance Watch. Je ziet standaard informatie, zoals tijd, datum en dag van de week, maar het werkt ook voor de serieuze high-kilometerstand athete:. Rondeteller, stopwatch, afstand, hartslag, snelheid / tempo, cadans en hoogte </ p>
<Ul>
<Li> Digitaal display. </ Li>
<Li> LED backlight. </ Li>
<Li> band past 7"" tot 10"" . </ Li>
<Li> 1-jaar beperkte garantie. </ Li>
<Li> Wordt geleverd met gepolijste metalen behuizing. </ Li>
</ Ul>",
24-MG03,luma_nl_nl,Summit Horloge,"<P> Trek hoog en laag in de sfeervolle Summit Watch, die een digitale LED-display is voorzien van met de tijd en datum, stopwatch, rondeteller, en 3 seconden backlight. Het kan ook de berekening van het aantal stappen genomen en het aantal verbrande calorieën. </ P>
<Ul>
<Li> De geborstelde metalen behuizing. </ Li>
<Li> Waterbestendig (100 meter). </ Li>
<Li> Buckle sluiting. </ Li>
<Li> band past 7"" - 10"" . </ Li>
<Li> 1-jaar beperkte garantie. </ Li>
</ Ul>",
24-MG05,luma_nl_nl,Cruise Dual Analoge Horloge,"<P> Of je nu reist of wou dat je, je zal je nooit laten tijdzones verwarren u opnieuw met de Cruise Dual Analog Watch. De dikke, verstelbare band belooft een comfortabele, persoonlijke pasvorm om deze stijlvolle, moderne tijd stuk. </ P>
<Ul>
<Li> Twee wijzerplaten. </ Li>
<Li> RVS behuizing. </ Li>
<Li> Verstelbare lederen band. </ Li>
</ Ul>",
24-MG02,luma_nl_nl,Dash Digitale Horloge,"<P> De Dash Digital Watch zal je uitdagen om harder en langer te duwen. Log workouts op datum, gemiddelde en segment tijden, en op te laden door het instellen van hydratatie en voeding alarmen. Dit horloge is ingericht met een slanke, vierkant gezicht en duurzame rubberen band voor een lange levensduur. </ P>
<Ul>
<Li> Digitaal display. </ Li>
<Li> LED backlight. </ Li>
<Li> Rubberen band met gespsluiting. </ Li>
<Li> 1-jaar beperkte garantie. </ Li>",
24-WG09,luma_nl_nl,Luma Analoge Horloge,"<P> Ontworpen om op te staan ​​om uw actieve levensstijl, deze vrouwen Luma analoge horloge is voorzien van een smaakvolle geborsteld chroom afwerking en een roestvrijstalen, waterbestendige constructie voor duurzaamheid. </ P>
<Ul>
<Li> Precision Miyota & reg; drie wijzers. </ li>
</ Ul>",
24-WG01,luma_nl_nl,Bolo Sporthorloge,"<P> De Bolo Sport Watch is strak, sportief en precies het juiste formaat om uw kleinere pols past. Gemakkelijk te lezen en het opzetten en beschikt over een grote digitale gezicht en druk op de knop geactiveerd alarm en stopwatch. De soft-touch kunststof band belooft no-snuifje comfort, terwijl de waterbestendig ontwerp kunt u uw training naar het ronde zwembad. </ P>
<Ul>
<Li> Geeft de tijd, dag en datum. </ Li>
<Li> Two-tone design. </ Li>
<Li> 12/24 uur formaten. </ Li>
<Li> Nikkelvrije gesp op band. </ Li>
<Li> Inclusief batterij. </ Li>
</ Ul>",
24-WG03,luma_nl_nl,Clamber Horloge,"<P> Blijf op de hoogte van de tijd op de loopband of het pad met onze Clamber Watch. De flexibele, met rubber band is vormgegeven om te voldoen aan uw pols voor een comfortabele pasvorm de hele dag. Het gezicht is voorzien van een verlichte digitale aflezing van de huidige tijd en stopwatch functies. </ P>
<Ul>
<Li> Japans quartz uurwerk. </ Li>
<Li> Strap past 5"" tot 6,0"" . </ Li>
</ Ul>",
24-WG02,luma_nl_nl,Didi Sporthorloge,"<P> Het Didi Sport Watch helpt u uw workout plan te houden tot aan de tweede. De verticale, digitale gezicht ziet er strak en futuristisch. Dit horloge is geprogrammeerd met tal van handige functies, zoals een timer, een wekker, een stappenteller, en nog veel meer om te helpen uw oefening productiever te maken. </ P>
<Ul>
<Li> Digitaal display. </ Li>
<Li> LED backlight. </ Li>
<Li> Rubberen band met gespsluiting. </ Li>
<Li> 1-jaar beperkte garantie. </ Li>
</ Ul>",
240-LV04,luma_nl_nl,,"<P> Beginner's Yoga begint u het pad in de richting van kracht, evenwicht en mentale focus. Met deze video download, hoef je niet aan een groot kampioen of de fitnessruimte goeroe om de beste en meest fundamentele technieken voor fundering van een leven lang leren yoga zijn. </ P>
<Ul>
<Li> Video downloaden </ li>
<Li> Vijf trainingen. </ Li>
<Li> balans, kracht en uithoudingsvermogen. </ Li>
<Li> Flexibiliteit en kern van kracht. </ Li>
<Li> Inclusief modificatie voor beginners. </ Li>
</ Ul>","<P>
Het moeilijkste yoga houdingen te beheersen zijn degenen die ten onrechte geleerd als een beginner. Luma's Beginner's Yoga is een fantastische manier om in te breken in uw eerste yoga-sessie en beginnen de reis naar een langer, slanker en gezonder lichaam. Vol vertrouwen je weg te vinden in yoga met deze effectieve maar zachte programma. U vindt een goede afstemming en hoe om veelgemaakte fouten te omzeilen te leren.
</ P>"
240-LV05,luma_nl_nl,,"<P> Luma LifeLong Fitness-serie is een wereldwijd erkende, evidence-based oefenprogramma speciaal ontworpen voor personen gericht op actief blijven hun hele leven. Als je dit regelmatig gevolgd, zullen de deelnemers zien verbeterde hartslag en bloeddruk, verhoogde mobiliteit, minder pijn in de gewrichten en de algehele verbetering van de functionele conditie en gezondheid. </>
<Ul>
<Li> 10 minuten op te warmen. </ Li>
<Li> 30 minuten van milde aerobics. </ Li>
<Li> 20 minuten van kracht, stretch en balans. </ Li>
<Li> Uitgebreide wijzigingen voor het variëren van fitness niveaus. </ Li>
</ Ul>","<P>
De instructeurs en routines te zien in LifeLong Fitness IV zorgen voor veilige opties om alle vormen van fysieke omstandigheden en mogelijkheden dienen. Bereik van de beweging, lichaamsbewustzijn en ademend praktijken zijn essentiële instrumenten van yoga zelfzorg, essentieel voor het behoud alertheid, gezondheid en waardigheid meer dan een mensenleven. De LifeLong reeks van de geschiktheid erkent dat naarmate we ouder worden, de veiligheid en duurzaamheid van onze oefening worden net zo belangrijk als het indrukken van onze grenzen.
</ P>"
240-LV06,luma_nl_nl,,"<P> Luma presenteert een innovatieve kracht vinyasa yoga klasse voor intermediate en gevorderde beoefenaars. De video kunt u tempo jezelf, maar intenser werk levert langer rust. Deze klasse is zeer geschikt voor de meer gevorderde studenten op zoek naar een goede afstemming te leren in hun yoga praktijk. </ P>
<Ul>
<Li> Inclusief een overzicht van 12 verschillende houdingen. </ Li>
<Li> Chataranga Dandasana en gebed twist. </ Li>
<Li> Uitdagende houding (kant vogelvlucht). </ Li>
<Li> 55 minuten van de beweging. </ Li>
</ Ul>","<P>
De praktijken van deze downloadbare training video wordt alleen aanbevolen voor ervaren tot gevorderde studenten. Degenen met de fundamentele vaardigheden die nodig zijn zullen niet willen het inzicht en advies van wereldberoemde trainer Erin Renny in deze exclusieve Luma begeleide yoga-sessies missen. Hele lichaam, arm balans en kracht in de benen workouts betrekken, te versterken en de mobiliteit te verhogen.
</ P>"
240-LV07,luma_nl_nl,,"<P> Circuit training helpt banish de verveling van traditionele trainingen. De Solo stroomcircuit downloaden kunt u een maximale efficiëntie circuit training Luma in de training de tijd die je beschikbaar hebt ervaren. Leer geheimen aan pond, afname lichaamsvet, beeldhouwen verbazingwekkende abs, en de toon schuur om je hele lichaam opnieuw vorm te geven. Je voelt het verschil al na één circuit. </ P>
<Ul>
<Li> Targets abs, armen en benen. </ Li>
<Li> 6 leuke interval training circuits. </ Li>
<Li> Makkelijk te volgen. </ Li>
<Li> nodig Geen speciale apparatuur. </ Li>
<Li> 43 min. </ Li>
</ Ul>","<P>
Veel hedendaagse oefening trends te offeren vorm en precisie in het voordeel van herhalingen en ""PR"" doelen. Luma's Solo Kracht Circuit leert technieken om je veilig te houden. Maar denk niet dat je gemakkelijk af: als het gaat om het opbouwen van spieren en vet te verbranden, zullen deze routines niet teleurstellen. Een fusie van circuit training, yoga, Pilates en hardlopen, Solo stroomcircuit brengt je sweatiest best.
</ P>"
240-LV08,luma_nl_nl,,"<P> Geavanceerde Pilates & Yoga zal u helpen om uw flexibiliteit en toon kern spiergroepen te verhogen door middel van een verkwikkende workout voor je hele lichaam. De Pilates workout is een grondige sterkte-conditioning sessie die verhoogt de flexibiliteit, uithoudingsvermogen en houding. De Yoga workout bevat legacy en nieuwe houdingen tot één doorlopende routine die laat je uitgeput voelen en vervuld in een keer. </ P>
<Ul>
<Li> Pilates-Yoga fusie. </ Li>
<Li> Ademhaling warmup en cooldown. </ Li>
<Li> uur durende sessie. </ Li>
<Li> High-definition video. </ Li>
<Ul>","<P>
Geen apparatuur nodig. Geavanceerde Pilates & Yoga (Strength) is een spier te definiëren programma dat evenwicht, cardio en flexibiliteit bewegingen telt met plyometric en lichaamsgewicht op basis van oefeningen voor een all-round, fysiek uitdagende workout. De Pilates elementen van deze compilatie te brengen zachte weerstand opdrachtgevers in de routines, de nadruk op veiligheid, techniek en bereik van de beweging.
</ P>"
240-LV09,luma_nl_nl,,"<Ul> <li> Verhoog de kracht + flexibiliteit + metabolisme </ li> <li> Verbrand calorieën + een goed gevoel </ li> <li> Gain energie + jeugdigheid + mentale wellness </ li> </ ul> <h3 style = ""margin-top: 30px;""> Download beschrijving </ h3> <p> <strong style = ""display: block; margin: 20px 0 5px;""> Tone up lichaam en geest </ strong> Pro Yoga Instructor en Master Practitioner Marie Peale helpt toon en beeldhouwen je lichaam met haar verkwikkende en toch zachte aanpak. </ p> <p> je leert om gebruik te maken van yoga om te ontspannen, de controle van stress en het verhogen van uw calorie-brandende capaciteit, al tijdens het verkennen van traditionele en nieuwe yoga houdingen dat verlengen en versterken van uw volledige gespierde structuur. </ P> <ul> <li> eenvoudig te downloaden </ li> <li> audio-opties: Muziek en instructie of instructie alleen </ li> <li> Hartslag technieken uitgelegd </ li> <li> Ademhalingstechnieken uitgelegd < / li> <li> Verplaatsen door middel van oefeningen in uw eigen tempo </ li> </ ul> <p> Twee 25-minuten durende workout afleveringen en een 40-minuten durende workout episode met een warming-up en cooling-down: </ p> < p> <strong style = ""display: block; margin: 20px 0 5px;""> Episode 1 </ strong> Creative, fun sessie gericht op het openen van uw longen. Combineert stretching en ademhaling met een focus op de heupen en de schouders. </ P> <p> <strong style = ""display: block; margin: 20px 0 5px;""> Episode 2 </ strong> Ramp het tempo en energie met calorieverbrandende stromen. Een stimulerende training invoering van het lichaam beeldhouwen macht van de yoga </ p> <p> <strong style = ""display: block; margin: 20px 0 5px;"">. Episode 3 </ strong> Duw je fitness bereik en uithoudingsvermogen met een intense reeks van staande en grondoefeningen en poses. . Beëindig deze extra lange sessie met een meditatieve cool-down </ p> <h3 style = ""margin-top: 30px;""> instructeur bio </ h3> <p> <strong style = ""display: block; margin: 20px 0 5px; ""> Over Marie </ strong> Marie is een getrainde martial artist en danser met een BS in Biological engineering en meer dan 10 jaar als een gecertificeerd yogaleraar. Marie heeft yoga gestudeerd in Engeland, India en, in 2009, bij de Ashraqat Ashram Yoga Farm in de Verenigde Staten. Ze is voltijds te onderwijzen sindsdien. Haar focus op kracht en wellness combineert een grondige kennis van de menselijke biologie en motivatie geleid door onvoorwaardelijke liefde voor haar publiek. </ P>","<P>
Luma oprichter Erin Renny op yoga en levensduur. ""Ik zal niet beloven dat je langer met yoga leven Niemand kan beloven dat Maar je leven gezonder, minder stressvol en meer fysiek in harmonie wanneer je je richt op het aansluiten van uw. geest en lichaam of een regelmatige basis. yoga is mijn favoriete manier om deze verbinding te uiten. ik wil de geheimen van een leven lang yoga met iedereen die bereid is om te ademen en te leren met mij te delen.""
</ P>"
24-WG085_Group,luma_nl_nl,Set van Sprite Yoga Riemen,"<P> Grote set van Sprite Yoga Riemen voor elke stretch en houd je nodig hebt. Er zijn drie banden in deze set:. 6' , 8' en 10' </ p>
<Ul>
<Li> 100% zacht en duurzaam katoen.
<Li> Plastic cinch gesp is eenvoudig te gebruiken.
<Li> Keuze uit drie natuurlijke kleuren gemaakt van ftalaat en heavy metal gratis kleurstoffen.
</ Ul>",
24-WG080,luma_nl_nl,,"<P> Een goed afgeronde yoga workout is meer nodig dan een mat. De Sprite Yoga Companion Kit helpt voorraad uw studio met de basis die je nodig hebt voor een full-range training. De kit bestaat uit vier meest verkochte Luma sprite accessoires in een gemakkelijk bundel: statis wedstrijd schuimblok, yogariem en schuimroller. Kies maten en kleuren en laat de rest aan ons. De kit bevat: </ p>
<Ul>
<Li> Sprite Statis Ball
<Li> Sprite Foam Yoga Brick
<Li> Sprite Yoga Strap
<Li> Sprite Foam Roller
</ Ul>",
243-MB04,luma_nl_nl,Luma Fysieke Cadeaukaart,"Een Luma gift card is speciaal verpakt in een aangepaste kunst mailer en stuurde kosteloos aan uw speciale iemand. Het kan worden ingewisseld in de winkel, per telefoon, of op een van de Luma familie van websites. Het zal nooit verlopen. Geef het geschenk van koopkracht!",
243-MB09,luma_nl_nl,Luma Digitale Cadeaukaart,Een Luma virtuele gift card wordt per e-mail met een optioneel bericht aan uw speciale iemand. Het kan worden ingewisseld op elk van de Luma familie van websites en zal nooit verlopen. Geef het geschenk van koopkracht!,
MH01,luma_nl_nl,,"<P> Ideaal voor koud weer opleiding of werk buiten de Chaz Hoodie belooft superieure warmte bij elke slijtage. Dik materiaal blokkeert de wind als geribbelde manchetten en verzegeling lichaamswarmte. </ P>
<P> & bull; Two-tone grijs gespikkeld hoodie <br /> & bull.; Trekkoord verstelbare capuchon. <br /> & bull; Machine wassen / drogen. </ P>",
MH02,luma_nl_nl,,"<P> Dit Teton met capuchon geeft u meer dan laid-back stijl. Hij is uitgerust met vochtafvoerende stof om licht en droog binnen te houden, vooral in koude weersomstandigheden trainingen. Een elastische zoom kunt u zich vrij bewegen. </ P>
<P> & bull; Zwart T-shirt met <br /> & bull.; Zachte, geborsteld interieur. <br /> & bull; Voorzijde met rits. <br /> & bull; Machine wassen / drogen. </ P>",
MH03,luma_nl_nl,Bruno Sportvest,"<P> Verblijf comfortabel en verblijf in de race niet uit wat het weer van plan is. De Bruno Compete Hoodie de waterafstotende buitenkant beschermt u tegen de elementen, terwijl geavanceerde stof technologie binnen absorbeert vocht om je droog te houden. </ P>
<P> & bull; Volledige ritssluiting zwarte hoodie trui. <br /> & bull; Verstelbare trekkoord capuchon. <br /> & bull; Geribde manchetten / heupband. <br /> & bull; Kangoeroe zak. <br /> & bull; Machine wassen / drogen. </ P>",
MH04,luma_nl_nl,Frankie Wandeltrui,"<P> Het Frankie sweatshirt is je beste vriend bij lange middag stadion stints of winter trailside campings. De zachte fleece houdt je lekker warm als vochtafvoerende technologie treedt in werking wanneer de zon opkomt. </ P>
<P> & bull; Lichtgroen crewneck sweatshirt <br /> & bull.; Hand zakken <br /> & bull.; Relaxed fit <br /> & bull.; Machine wassen / drogen. </ P>",
MH05,luma_nl_nl,Cardiofitness Sporttrui,"<P> Kick off uw weekend in de Hollister Backyard met capuchon. Of u nu harken bladeren of flipping hamburgers, dit op z'n gemak laag blokkeert de beet van de heldere herfst lucht. Puffy dik van kap tot aan de zoom, is het warmte tegen uw kern. </ P>
<P> & bull; Cream crewneck sweatshirt met marine mouwen / bekleding <br /> & bull.; Relaxed fit. <br /> & bull; Geribde manchetten en zoom. <br /> & bull; Machine wassen / drogen. </ P>",
MH06,luma_nl_nl,Stark Core Trainingsjack,"<P> U hoeft geen toeters en bellen wanneer de prestaties spreekt voor zich. De full-zip Stark Fundamental capuchon geven net wat je nodig hebt. Hood en fleece voering je warm te houden, terwijl de ademende stof en wicking technologie die u niet oververhit zal laten. </ P>
<P> & bull; Navy specked full zip hoodie <br /> & bull.; Boord, gestreepte taille <br /> & bull.; Steekzakken. <br /> & bull; Machine wassen / drogen. </ P>",
MH07,luma_nl_nl,Hero Windjack,"<P> De grijze en zwarte color blocking onderscheidt u zich als de held met capuchon houdt je warm op de bus, campus of koud gemiddelde straten. Schuine buitenmaatse zakken aan de voorkant houden uw stijl echt. . . handig. </ p>
<P> & bull; Full-zip grijs en zwart hoodie <br /> & bull.; Geribde boord <br /> & bull.; Standard fit <br /> & bull.; Capuchon met trekkoord cinch <br /> & bull.; Waterbestendige coating. </ P>",
MH08,luma_nl_nl,Oslo Outdoortrui,"<P> Chilly weer is gewoon een excuus om te gooien op uw toasty, knappe nieuwe Oslo Trek Hoodie. Het beschikt over een verstelbare trekkoord capuchon en een kangoeroezak voor extra de hand warmte. De ultra-zachte, zal gezellig voering heb je verlangen naar meer levendige dagen. </ P>
<P> & bull; Brown hoodie met zwarte details <br /> & bull.; Stoppen. <br /> & bull; Verstelbare trekkoord capuchon. <br /> & bull; Geribde manchetten / heupband. <br /> & bull; Machine wassen / drogen. </ P>",
MH09,luma_nl_nl,Fitness Hoodie,"<P> Het duurde Cooltech & trade; weer kleding know-how en veel wind-resistente stof om de Verschrikkelijke capuchon precies goed te krijgen. Het is agressief warm wanneer het moet worden, met behoud van uw comfort in mildere klimaten. </ P>
<P> & bull; Blue heide hoodie <br /> & bull.; Relaxed fit. <br /> & bull; Vochtafvoerende. <br /> & bull; Machine wassen / drogen. </ P>",
MH10,luma_nl_nl,Mach Hardlooptrui,"<P> Van moeilijk straat op om asfalt spoor, de Mach Straat met capuchon heeft een capaciteit van slijtage en wind en regen. Een infusie van prestaties en stijlvol comfort, met vochtafvoerende Lumatech & trade; stof, het is gebonden aan een dagelijks onderdeel van uw actieve levensstijl geworden </ p>
<P> & bull; Navy heide crewneck sweatshirt <br /> & bull.; Lumatech & trade; vochtwerende stof <br /> & bull.; . Antimicrobial, geur-resistente <br /> & bull; Zip steekzakken <br /> & bull.; Chafe-resistente flatlocknaden <br /> & bull.; Ribboorden en zoom. </ P>",
MH11,luma_nl_nl,Grayson Sporttrui Ronde Hals,"<P> Het Grayson Crewneck T-shirt geeft je die tijdloze, klassieke look & ndash; een stijl die terug rond bijna elk seizoen komt. Wat meer is, de prestaties en de temp-control waarden zijn altijd in de mode. </ P>
<P> & bull; Cream crewneck sweatshirt met zwarte accenten <br /> & bull.; 80% katoen / 20% polyester fleece. <br /> & bull; Gevormde gebreide capuchonvoering. <br /> & bull; Gebreide manchetten en taille. <br /> & bull; Pouch zak. <br /> & bull; Curl edged naad detail </ p>",
MH12,luma_nl_nl,Ajax Full-Zip Sportvest,"<P> De Ajax volledige rits capuchon maakt de optimale laagvorming of buitendeel voor schutters, golfers, wandelaars en vrijwel elk ander sporters. Niet alleen heeft het top-notch vochtafvoerende capaciteiten, maar de krappe-geweven stof ook voorkomt pluizen uit herhaalde wash-and-wear cycli. </ P>
<P> & bull; Mint gestreepte full zip hoodie <br /> & bull.; 100% gebonden polyestervlies <br /> & bull.; Pouch zak <br /> & bull.; Rib manchetten en zoom. <br /> & bull; Wasbaar in de machine. </ P>",
MH13,luma_nl_nl,Marco Lichtgewicht Hardloopjack,"<P> Voor koud weer training of post-game gelaagdheid, iets wat moet je meer dan een basic fleece. Onze Marco Lichtgewicht Active capuchon brengt zowel stijl en prestaties op de plaat, rechter of zijlijn. De glad-faced, geborsteld back doekblokjes wind en vallen lichaamswarmte, terwijl geïntegreerde Cocona & reg; vezels trekt vocht. </ p>
<P> & bull; Lichtblauw heide full zip hoodie <br /> & bull.; Ingericht flatlocknaden <br /> & bull.; Passende voering en trekkoord. <br /> & bull; Machine wassen / drogen. </ P>",
MJ01,luma_nl_nl,Beaumont Winter Windjack,"<P> De gladde nylon schil rond Beaumont top Kit gevechten wind, versterkt met een koude bestrijden geborsteld vlieslaag. De jas is omkeerbaar, waardoor u een nieuwe look voor de terugkeer trek. Voldoende pocket ruimte rondt deze wandelaar paradijs pakket. </ P>
<P> & bull; Gele full zip regenjack <br /> & bull.; Full-zip front. <br /> & bull; Stand-up kraag. <br /> & bull; Elastische manchetten. <br /> & bull; Machine wassen / drogen. </ P>",
MJ02,luma_nl_nl,Hyperion Wandeltrui,"<P> Boldly gezicht harde wind, frigide temps en stormachtig weer de hele winter door middel van in de Hyperion Elements Jacket. Lumatech & trade; isolerende technologie zorgt voor het behoud van uw kerntemperatuur van de kous en zweet. De gladde mantel is waterafstotend en gewatteerde lichaamswarmte behouden. </ P>
<P> & bull; Lime 1/4 zip pullover <br /> & bull.; Split zak. <br /> & bull; Duimgaten. <br /> & bull; Wassen in de machine / hangen te drogen. </ P>",
MJ04,luma_nl_nl,,"<P> Afgezien van afgedichte naden om vocht buiten te houden en lichaamswarmte in de Kenobi Trail Vest is alles over media gemak. Gebruik uw telefoon en muziekspeler, zonder ooit het nemen van het uit de gezellige compartiment. Een aangesloten externe links op de borst laat je liedjes, pauzeren en hoger / lager volume te wijzigen </ p>
<P> & bull; Black 1/4 zip pullover met koninklijke rits. <br /> & bull; Verstelbare capuchon en manchetten. <br /> & bull; Machine wassen / drogen. </ P>",
MJ07,luma_nl_nl,Orion 2-in-1 Fleecejack,"<P> Terwijl je fit, een getailleerd jasje aan te passen moet je. Opvallende kleur blokkerende patronen op de motorkap, schouders en armen zijn kenmerken van de Orion gekleurde Gepaste jas. Ze bieden opvallend contrast tegen de rijken, torso tonen van deze 100% polyester, vochttransporterende van essentieel belang. </ P>
<P> & bull; Red full zip fleece met grijze inzetstukken <br /> & bull.; Double-breiconstructie <br /> & bull.; Volledige atletische cut <br /> & bull.; Zet de mouwen in <br /> & bull.; Voorzakzak. </ P>",
MJ08,luma_nl_nl,Lando Gym Traningsjas,"<P> De Lando Gym Jacket aanbiedingen strategische ventilatie transpiratie-gevoelige gebieden, terwijl vochtafvoerende technologie helpt je droog te blijven. Zakken in de zijnaad het huis van uw favoriete media-apparaat, zodat je aangesloten bent bij het uit te werken. </ P>
<P> & bull; Grijze polyester / spandex doorlopende ritssluiting jack met oranje voering. <br /> & bull; Rechterzak apparaatopslag <br /> & bull.; Cocona & reg; prestaties stof. <br /> & bull; Machine wassen / drogen. </ P>",
MJ09,luma_nl_nl,Taurus Hardlooptrui,"<P> Wat is een beetje regen of sneeuw, wanneer je binnen de Taurus Elements Shell? Deze speciaal ontworpen Cocona & reg; jas kunt u genieten van het buitenleven en trotseren de elementen, dankzij de all-waterdichte, ademende buitenkant. </ p>
<P> & bull; Geel 1/4 rits trui. <br /> & bull; Twee borstzakken <br /> & bull.; Standard fit. <br /> & bull; Waterdichte, ademende, afgedichte naden. <br /> & bull; Cocona & reg; prestaties stof. <br /> & bull; Machine wassen / drogen. </ P>",
MJ10,luma_nl_nl,Mars HeatTech&trade; Sporttrui,"<P> The Mars HeatTech & trade; Jacket verdediging tegen de winter klimaten, zodat u kunt overtreding spelen in het park, op het spoor of in de ligstoel. Groot voor de ski lodge of stadion en heeft een wind- en waterbestendig buitenschaal met een trekkoord capuchon en diepe opbergvakken. </ P>
<P> & bull; Red 1/4 zip pullover <br /> & bull.; Verstelbare klittenband & reg; manchetten. <br /> & bull; Twee steekzakken. <br /> & bull; Napoleonzak. <br /> & bull; Machine wassen / droge </ p>",
MJ11,luma_nl_nl,Typhon Performance Fleecejack,"<P> Ironmen en een bank krijgers zowel bereik van de Typhon prestaties fleece gevoerde Jacket. Immers, niemand kan weerstaan ​​uiterst zacht microfleece voering. Flatlocknaden maken het ideaal voor het dragen van meer dan alles van tanks en t-shirts aan high-tech basis lagen. </ P>
<P> & bull; Black full-zip bomberjack <br /> & bull.; Cocona & reg; absorberende vezels <br /> & bull.; Machine wassen / drogen. </ P>",
MJ06,luma_nl_nl,Jupiter All-Weather Traningsjack,"<P> Inclement klimaat verdoemd worden. Met je ademend, waterbestendig Jupiter All-Weather Trainer, kunt u zich richten op brandstof en de vorm en verlof bescherming en comfort voor ons. Het weefsel is een speciale licht vlies transporteert vocht en isoleert tegelijk. </ P>
<P> & bull; Relaxed fit. <br /> & bull; Hand zakken. <br /> & bull; Machine wassen / droge <br /> & bull.; Reflecterende veiligheid trim. </ P>",
MJ03,luma_nl_nl,Montana Windjack,"<P> Light-as-a-veer wind bescherming voor hardlopers, wandelaars en outdoor fitness buffs, de Montana Wind Jacket kan worden gevuld in je zak voor draagbare bescherming. De stijlvolle, move-met-je merken ontwerp het bijzonder veelzijdig. </ P>
<P> Verstelbare capuchon. <br /> Split zak. <br /> Duimgaten. <br /> In de wasmachine / hangen te drogen. </ p>",
MJ12,luma_nl_nl,Proteus Fitness Sporttrui,"<P> Deel jas, deel overhemd, de Proteus Fitness Jackshirt is een ideale metgezel voor outdoor training, camping of loafing op heldere dagen. Natural Cocona & reg; technologie brengt ademend comfort en verhoogde droogte samen met UV-bescherming en geur management. De drop-staart zoom zorgt voor extra dekking wanneer u een fiets berijdt of het vervangen van een wastafel klep. </ P>
<P> & bull; 1/4 rits. Stand-up kraag. <br /> & bull; Machine wassen / droge <br /> & bull.; Gewatteerde binnenlaag. </ P>",
MS04,luma_nl_nl,Gobi HeatTec&reg; T-Shirt,"<P> Als de training krijgt intense, de Gobi HeatTec & reg; T-shirt werkt zo hard als je doen om je hoofd koel te houden. De vochtwerende materiaal beloften droger comfort, terwijl de ademende zijpanelen leveren extra stretch dat is zeker om u te bewegen. </ P>
<P> & bull; Oranje micropolyester overhemd <br /> & bull.; HeatTec & reg; absorberende stof <br /> & bull.; Crew hals. <br /> & bull; Machine wassen / drogen. </ P>",
MS05,luma_nl_nl,Helios EverCool&trade; T-Shirt,"<P> Pumping Iron of vormen van de baan, heb je koel en comfortabel kreeg op uw zijde in onze korte mouwen Helios EverCool & trade; T-shirt. De stof is doordrenkt met vochtafvoerende technologie die trekt zweet van uw huid voor een snelle verdamping. Elastische stof loopsplitten moedigen ventilatie, terwijl het verhogen van uw bereik van de beweging. </ P>
<P> & bull; Teal sneldrogend t-shirt <br /> & bull.; Relaxed fit. <br /> & bull; Crew hals. <br /> & bull; Machine wassen / drogen. </ P>",
MS09,luma_nl_nl,Ryker LumaTech&trade; T-Shirt (Ronde Hals),"<P> De bemanning-hals Ryker Lumatech & trade; T-shirt huiden eersteklas prestaties technologie onder bescheiden looks. Het vedergewicht mix van stoffen transporteert vocht om je koel en droog in elke fase van je actieve leven. </ P>
<P> & bull; Royal polyester t-shirt met zwarte accenten <br /> & bull.; Relaxed fit. <br /> & bull; Korte mouw. <br /> & bull; Machine wassen / drogen. </ P>",
MS11,luma_nl_nl,Atomic Endurance Hardloop T-Shirt (V-hals),"<P> Bereik je limiet en blijven gaan in de Atomic Endurance Running T-shirt. Gebouwd om elke sporter push voorbij de muur met tal van prestatiekenmerken te helpen. </ P>
<P> & bull; Lime Heathered v-hals t-shirt. <br /> & bull; Ultra-lichtgewicht <br /> & bull.; Vochtafvoerende Cocona & reg; stof <br /> & bull.; Machine wassen / drogen. </ P>",
MS12,luma_nl_nl,Atomic Endurance Hardloop T-Shirt (Ronde Hals),"<P> Net als het v-hals tegenhanger, de ronde hals Atomic T-shirt krijgt u om uw doel en verder met zijn vele dragende kenmerken: ultra-lichtgewicht, vochtwerende Cocona & reg; stof, Chafe-free flatlocknaden en een ergonomische snit die beweegt met je lichaam. </ p>
<P> & bull; Red polyester t-shirt <br /> & bull.; Crew hals. <br /> & bull; Cocona & reg; prestaties stof. <br /> & bull; Machine wassen / drogen. </ P>",
MS03,luma_nl_nl,Balboa Persistence T-Shirt,"<P> De T-shirt van Balboa Persistence is een must-have voor elke sporter, Philadelphia of elders. We namen de beste van de prestaties kleding, knip de pluisjes en gekookte het naar beneden naar de basis voor een lichtgewicht, sneldrogend t-shirt. </ P>
<P> & bull; Crew hals. <br /> & bull; Semi-gemonteerd. <br /> & bull; Cocona & reg; prestaties stof. <br /> & bull; Machine wassen / drogen. </ P>",
MS06,luma_nl_nl,Zoltan Fitness T-Shirt,"<P> Deze korte mouwen wonder werkt twee keer zo hard om u goede sportschool dagen en ziet er goed uit te geven. De T-shirt van Zoltan Gym helpt je comfortabel te blijven, terwijl de losser mouwen en flatlocknaden houden u in beweging in schuren-free comfort. </ P>
<P> & bull; Relaxed fit. <br /> & bull; Crew hals. <br /> & bull; Machine wassen / drogen. </ P>",
MS01,luma_nl_nl,Aero Basics Fitness T-Shirt,"<P> Hebt u een dagelijkse optreden t-shirt die ervoor zorgt dat je droog? De Aero Daily Fitness T-shirt is gemaakt van 100% polyester wicking gebreide die trechters weg van uw huid vocht. Laat u niet misleiden door zijn klassieke stijl; Dit t-shirt huiden eersteklas prestaties technologie onder zijn bescheiden uitstraling. </ p>
<P> Relaxed fit. <br /> korte mouwen. <br /> In de wasmachine / droog. </ p>",
MS02,luma_nl_nl,Ryker LumaTech&trade; T-Shirt (V-hals),"<P> Laat u niet misleiden door zijn klassieke stijl; de Ryker Lumatech & trade; T-shirt belichaamt de toekomst van de prestaties kleding. Zijn vedergewicht mix van stoffen transporteert vocht om je koel en droog, of rekken tot mijl, raken drie pointers of strutting de promenade. </ P>
<P> & bull; Relaxed fit. <br /> & bull; Korte mouw. <br /> & bull; Machine wassen / drogen. </ P>",
MS10,luma_nl_nl,Logan  HeatTec&reg; T-Shirt,"<P> Zacht en licht van gewicht, de Logan HeatTec & reg; T-shirt krijgt u door de lange afstanden in totaal comfort. Het beschikt over superieure zweetafvoerende prestaties om de huid droog en koel, en strategische platte naden te houden om te weerstaan ​​schuren. </ P>
<P> & bull; Semi-gemonteerd. <br /> & bull; Crew hals. <br /> & bull; Wassen in de machine / droger. </ P>",
MS07,luma_nl_nl,Deion Hardloopshirt EverCool&trade;,"<P> Als je traint, gewone t-shirts niet knippen. Dat is de reden waarom de Dion lange mouwen EverCool & trade; T-shirt kenmerkt revolutionaire Cocona & reg; weefsel verkregen uit een hernieuwbare bron: kokosnootschalen. Dit unieke materiaal beschermt u tegen schadelijke UV-stralen, transporteert het zweet, controles stinken en droogt snel. </ P>
<P> & bull; Gemonteerd. <br /> & bull; Contrast binnenste nekband. <br /> & bull; Machine wassen / drogen. </ P>",
MS08,luma_nl_nl,Strike Ademend Hardloopshirt,"<P> Bij het gruis en het doel u te gaan, het helpt om een ​​beetje extra comfort, ook. Endurance Onze Strike lange mouwen t-shirt helpt zorgt voor een foto-ready afwerking met geavanceerde zweetafvoerende technologie voor een koele, droge gevoel. </ P>
<P> & bull; Losjes. <br /> & bull; Geribde manchetten / boorden. <br /> & bull; Machine wassen / drogen. </ P>",
MT01,luma_nl_nl,,"<P> Een goed rijdende tank helpt om de mijl langs je koel te houden. De Erikssen Cooltech & trade; Fitness Tank voltooit die missie, met de prestaties stof ontworpen om Wick transpiratie en het bevorderen van de luchtstroom. </ P>
<P> & bull; Red prestaties tank <br /> & bull.; Lichte ronde hals. <br /> & bull; Reflectiviteit. <br /> & bull; Machine wassen / drogen. </ P>",
MT02,luma_nl_nl,Tristan Endurance Sporthemd,"<P> Duw jezelf door te straffen runs, plyometrische workouts, hevige concurrentie en meer in onze atletische Tristan Endurance Tank. Gebouwd met ingebouwde vochtafvoerende technologie, het is ontworpen om u volledig koel te houden en droog op de lange termijn. </ P>
<P> & bull; White prestaties tank <br /> & bull.; Stijlvol contrasterende stiksels. <br /> & bull; Relaxed fit. <br /> & bull; Geribbelde ronde hals. <br /> & bull; Machine wassen / drogen. </ P>",
MT03,luma_nl_nl,,"<P> De kans bestaat dat je training gaat verder dan vrije gewichten, dat is de reden waarom de Primo Endurance Tank telt maximale veelzijdigheid. Run, lift of bal spelen & ndash; deze ademende mesh top zal je koel te houden tijdens al uw activiteiten. </ p>
<P> & bull; Rode heide tank met grijze zak <br /> & bull.; Chafe-resistente flatlocknaden. <br /> & bull; Relaxed fit. <br /> & bull; Contrast stiknaden <br /> & bull.; Machine wassen / drogen. </ P>",
MT04,luma_nl_nl,,"<P> Wanneer training verlegt je grenzen, spullen moet je dat werkt harder dan jij. Onze mesh Helio Training Tank is vervaardigd uit super-soft, ultra-lichtgewicht stof die strekt zich in alle richtingen om uw elke beweging te volgen, op de mat, rechter of de straat. </ P>
<P> & bull; Blauwe heide tank met grijze zak <br /> & bull.; Contrast zijkanten en achterkant inserts <br /> & bull.; Dezelfe stof aan de hals en mouwen. <br /> & bull; Machine wassen / drogen. </ P>",
MT05,luma_nl_nl,Rocco Fitnesshemd,"<P> gewichten? Zware tas? Bikram? Maar je bezwete te krijgen, zult u worden bereid met de vochtafvoerende all-purpose Rocco Gym Tank. De vrij bewegende cut geeft u maximale bereik van de beweging, met flatlocknaden te elimineren schuren. </ P>
<P> & bull; Lichtblauw gespikkeld tank <br /> & bull.; . Sneldrogend, vochtwerende <br /> & bull; 4-way stretch constructie <br /> & bull.; Flatlocknaden schuren voorkomen <br /> & bull.; Gaas aan achterzijde voor ventilatie <br /> & bull.; . 100% polyester <br /> & bull; UPF 50 bescherming. </ P>",
MT06,luma_nl_nl,Vulcan Mouwloos Shirt,"<P> De Olympische stijl Vulcan Gewichtheffen Tank is voorzien van polyester stretch en flex. Hit het rek in mouwloze stijl en genieten van uw persoonlijke beste. Deze tank is ontworpen om maximale prestaties, comfort en het bereik van de beweging. </ P>
<P> & bull; Black polyester spandex tank <br /> & bull.; 100% polyester <br /> & bull.; Bewegingsvrijheid <br /> & bull.; No-Chafe naden. </ P>",
MT07,luma_nl_nl,Argus Slimfit Tanktop,"<P> De Argus All-Weather Tank is zeker om uw favoriete basislaag worden of go-to cover voor hete outdoor trainingen. Met zijn subtiele reflecterende veilig trimmen, kunt u zelfs het dragen joggen op stedelijke avonden. </ P>
<P> & bull; Donkergrijze polyester spandex tank <br /> & bull.; Reflecterende accenten voor zichtbaarheid 's nachts. <br /> & bull; Stash zak <br /> & bull.; Anti-Chafe flatlocknaden. </ P>",
MT08,luma_nl_nl,,"<P> De hoge prestaties Sparta Gym Tank is gemaakt met dunne, lichte, merino wol en doelstellingen om de perfecte basislaag of zwoele weer hardlopen en fitness boven zijn. </ P>
<P> & bull; Green polyester tank <br /> & bull.; Ultra lichtgewicht <br /> & bull.; Natuurlijk geurbestendig <br /> & bull.; Close-to-body atletische pasvorm <br /> & bull.; Chafe-resistente flatlocknaden. </ P>",
MT09,luma_nl_nl,,"<P> Solid in kleur en bouw, de 100% katoen geweven Sinbad Fitness Tank beweegt met u als u op drukt, hold, crunch en schrijden je weg naar de ultieme jou. </ P>
<P> & bull; Blauwgroen polyester tank <br /> & bull.; Premium fit tank top <br /> & bull.; Ultra lichtgewicht <br /> & bull.; Natuurlijk geurbestendig. </ P>",
MT10,luma_nl_nl,,"<P> Of u nu stijlvol of gewoon bezwete, de Tiberius Gym Tank helpt je er goed uitzien, terwijl je toch bezig bent. Wat meer is, zijn vochtafvoerend, sneldrogend, anti-microbiële en anti-geur bouw hulp ervoor zorgen dat u bent van harte welkom terug naar de sportschool. </ P>
<P> & bull; Gele ronde hals katoen tank <br /> & bull.; Comfortabel, ontspannen fit <br /> & bull.; . 55% van de hennep / 45% Organic Cotton <br /> & bull; Pesticide- en herbicide-vrij hennep. </ P>",
MT11,luma_nl_nl,,"<P> In het weekend krijger Strijder stelt II, geen enkele rol kan winnen van de Atlas Fitness Tank, een veelzijdige top voor gym en yoga studio. Wicking geweven zachte stof helpt voorkomen dat ongemakkelijk schaven. </ P>
<P> & bull; Teal ronde hals katoen tank <br /> & bull.; Triblend, zachte stof <br /> & bull.; Relaxed fit. </ P>",
MT12,luma_nl_nl,,"<P> Of je tegen een partner of de klok, de Cassius Sparring Tank is in uw hoek, het verplaatsen moeiteloos met je lichaam. De lichte en losse gevoel geeft u geen reden op te geven voordat de bel of het einde van het blok. </ P>
<P> & bull; Royal ronde hals katoen tank <br /> & bull.; Contrasterende stiksels <br /> & bull.; Zelf stof binden aan de hals <br /> & bull.; Slim fit <br /> & bull.; 96% Merino / 4% LYCRA en Reg. </ P>",
MP01,luma_nl_nl,Caesar Warm-Up Trainingsbroek,"<P> Command je training en houd je spieren lenig in de Caesar Warm-Up Broek. Engineered Cooltech & trade; weefsel transporteert vocht, zodat je niet hoeft te maken over het zweet en ongemak. Het koordje verstelbare taille helpt ervoor te zorgen dat je broek goed passen. </ P>
<P> & bull; Grijs gespikkeld breien rechte pijp broek <br /> & bull.; Relaxed fit. <br /> & bull; Binnenbeenlengte:... 32"" <br /> & bull; In de wasmachine / droge <br /> & bull; Cooltech & trade; wicking stof </ p>",
MP02,luma_nl_nl,Viktor LumaTech&trade; Trainingsbroek,"<P> U zult genieten van de nieuwe Viktor Lumatech & trade; Broek, met vedergewicht fleece stoffen voering en elastisch, zweet-wicking materiaal. Het levert toasty warmte aan de zijlijn of in koud weer training, met reflecterende bekleding voor een veilige afwerking. </ P>
<P> & bull; Donkergrijs polyester / spandex rechte pijp broek <br /> & bull.; Elastische tailleband en interne koord <br /> & bull.; Relaxed fit. <br /> & bull; Machine wassen / drogen. </ P>",
MP03,luma_nl_nl,Geo Insulated Trainingsbroek,"<P> In de koude, zelfs de zwaarste jongens rilling, tenzij ze in de Geo Insulated Jogging Broek. Lichtgewicht en wind bestendig, ze blokkeren brutale windstoten en warm je tot op het bot. Ademend mesh houdt ze droog aan de binnenkant. </ P>
<P> & bull; Black polyester spandex broek met ritszakken <br /> & bull.; Reflecterende veiligheid accenten. <br /> & bull; Loose fit <br /> & bull.; On-steekzakken. <br /> & bull; 8"" leg ritssluitingen. 32"" binnenbeenlengte. <br /> & bull; Machine wassen / drogen. </ P>",
MP04,luma_nl_nl,Supernova Sport Trainingsbroek,"<P> Ga de hoek om en open het - uw oprit is twee blokken verderop. De Supernova Sport Broek helpt je met de belangrijkste functies, zoals vochtafvoerende Lumatech & trade; stof en mesh ventilatie. Zijnaad zakken zorgen voor volledig gemak tijdens de rusttijden. </ P>
<P> & bull; Donker grijs gespikkeld rechte pijp katoenen broek <br /> & bull.; Relaxed fit. <br /> & bull; Interne trekkoord. <br /> & bull; Machine wassen / drogen. </ P>",
MP05,luma_nl_nl,Kratos Gym Trainingsbroek,"<P> Net als het naamgenoot god van kracht, de Kratos Gym Broek helpen brengen je best om te dragen op basis van gewicht, plyometrische en uithoudingsvermogen te oefenen. Zij strekken en ondersteuning in de juiste plaatsen terwijl ultralichte constructie en vochttransporterende technologie comfort. </ P>
<P> & bull; katoen Navy rechte pijp broek <br /> & bull.; Relaxed fit. <br /> & bull; 2 zijnaden zakken. <br /> & bull; Intern met rits. <br /> & bull; Koord taille. <br /> & bull; Machine wassen / drogen. </ P>",
MP06,luma_nl_nl,Mithra Warmup Trainingsbroek,"<P> Als je niet zeker of je mee bezig bent met het weer, trekken de Mithra Warmup Broek voor een boost vertrouwen. De superzachte, elastische stof en fleece-achtige afwerking help prep uw spieren en gemak je geest. Ontworpen voor ontspannen, easy-wear fit met handige enkelritsen. </ P>
<P> & bull; Enkelritsen <br /> & bull.; Elastische tailleband met trekkoord <br /> & bull.; Dual steekzakken <br /> & bull.; Reflecterende elementen voor low-light veiligheid. </ P>",
MP07,luma_nl_nl,Thorpe Track Sportbroek,"<P> Dertig graden temps zijn koel voor de meeste, behalve als je in Thorpe Track Broek. Deze top-of-the-hoofdspoor bodems uit sneldrogend, weerbestendig materiaal met een inwendige laag van ademende mesh nylon weg voeren vocht. </ P>
<P> & bull; Zweetafvoer eigenschappen. <br /> & bull; 7% rek <br /> & bull.; Reflecterende veiligheid bekleding <br /> & bull.; Elastische taille met trekkoord. </ P>",
MP08,luma_nl_nl,Zeppelin Yoga Sportbroek,"<P> Beklim elke berg, of houd elke pose, in de all-purpose Zepellin Yoga Broek. Met zijn dunne fleece interieur en gladde laag-vriendelijke oppervlak, vindt u alle comfort te krijgen en veelzijdigheid die u nodig hebt. </ P>
<P> & bull; Gladde buitenkant voor een gemakkelijke over-gelaagdheid <br /> & bull.; Geborsteld fleece interieur isoleert en lonten. <br /> & bull; Geen schermen elastische tailleband met inwendige koord <br /> & bull.; Chafe-resistente flatlocknaden. </ P>",
MP09,luma_nl_nl,Livingston Skin Hardloopbroek,"<P> Het is niet vaak dat je broek werken als een yoga-nietje en een klimmen maatje. De Livingston All-Purpose Tight is gemaakt met zachte, 11% katoen en nylon polymeer stretch constructie waarmee je de juiste hoek in de studio of op de berghelling te vinden. </ P>
<P> & bull; Ademend stretch biologisch katoen / spandex <br /> & bull.; Compressie fit <br /> & bull; Verborgen key zak <br /> & bull; Elastische taille met interne trekkoord. </ P>",
MP10,luma_nl_nl,Orestes Yoga Trainingsbroek,"<P> De Orestes Yoga Broek is een yoga fundamenteel dat de beginnende yogi ondersteunt ver in de expert podium. Biologische duurzame katoen en 9% stretch Spandex laat je lichaam bocht naar uw wil, terwijl je geweten blijft duidelijk. </ P>
<P> & bull; Een yoga essentieel <br /> & bull.; Ademend stretch biologisch katoen / spandex <br /> & bull.; Standard Fit. </ P>",
MP11,luma_nl_nl,Aether Gym Sportbroek ,"<P> De Aether Gym Broek is gebouwd voor de studio, maar past zich heel goed in de buitenlucht en een fitnessruimte omgeving ook. Met lichte stretchstof en waterafstotend exterieur, de Aether is klaar voor alle nieuwkomers. </ P>
<P> & bull; Broeken / shorts converteerbare <br /> & bull.; Lichtgewicht zweettransporterend. <br /> & bull; Waterafstotende <br /> & bull.; Gordel taille. </ P>",
MP12,luma_nl_nl,Cronus Yoga Trainingsbroek,"<P> Jongens die liefde yoga love this all-purpose yoga broek. Geschikt voor yoga, gymnastiek en lounge, de Cronus Yoga Broek een loszittende, klassieke broek gemaakt van een lichtgewicht mengsel van katoen, gerecycled polyester en een aanraking van Spandex de rekbaarheid. </ P>
<P> & bull; Koord aan <br /> & bull.; Losse, rechte pijpen fit <br /> & bull.; Lichtgewicht-katoen gerecycleerd blend <br /> & bull.; Zakken met stiksels detail <br /> & bull.; Elastische enkel. </ P>",
MSH01,luma_nl_nl,Cobalt CoolTech&trade; Fitness Korte Broek,"<P> Het is geen rocket operatie: hoe warmer uw omstandigheden, hoe meer je nodig hebt om koel te blijven. Dat is de reden waarom de Cobalt Cooltech & trade; Fitness Short is voorzien van ingebouwde technologie en kant perforaties die ervoor zorgen dat je geventileerd en comfortabel voor de afstand. De elastische taille belooft een persoonlijke pasvorm. </ P>
<P> & bull; Lichtblauw nylon shorts <br /> & bull.; Relaxed fit. <br /> & bull; 5"" binnenbeenlengte <br /> & bull;.. In de wasmachine / droog </ p>",
MSH02,luma_nl_nl,Apollo Korte Hardloopbroek,"<P> Vloot van de voet of langzaam en regelmatig, u zult in alle comfort met de Apollo Running Short. Lichtgewicht polyester materiaal laat je gaan met gemak, en mesh zijpanelen beloven voldoende ventilatie als je het zweet werken. De rekbare elastische tailleband levert een flexibele pasvorm. </ P>
<P> & bull; Zwarte broek met groene accenten <br /> & bull.; Steekzakken. <br /> & bull; 4"" inseam <br /> & bull;.. In de wasmachine / droog </ p>",
MSH03,luma_nl_nl,Meteor Workout Korte Broek,"<P> Stap in de Meteor Workout Short voor een ongelooflijk lichtgewicht fitness ervaring. De ademende constructie en een innerlijke korte zorgen voor extra comfort en ondersteuning, terwijl de verstelbare tailleband biedt de perfecte pasvorm om u naar de finish. </ P>
<P> & bull; Royal blauwe korte broek met lichtblauwe accenten <br /> & bull.; Trekkoord tailleband. <br /> & bull; 7"" inseam <br /> & bull;.. In de wasmachine / droog </ p>",
MSH04,luma_nl_nl,Torque Power Korte Broek,"<P> Neem een ​​bocht in de Koppel Vermogen Short en geniet van de gladde, motion-vriendelijke stretch en zweetafvoerende, UV-beschermend materiaal. U zult koele, droge en energiek mijl later te blijven. </ P>
<P> & bull; Lichtgrijs shorts <br /> & bull.; Snit. <br /> & bull; Elastische tailleband. <br /> & bull; Platte naden. <br /> & bull; 7"" inseam <br /> & bull;.. In de wasmachine / droog </ p>",
MSH05,luma_nl_nl,Hawkeye Korte Yogabroek,"<P> Wat wil je nog meer dan een sportieve yoga short gemaakt van biologisch katoen en een beetje spandex voor mobiliteit? De Hawkeye Yoga Short brengt een stijlvolle standaard fit kun je sport met een gerust hart buiten de studio. </ P>
<P> & bull; Donkergrijze broek met rode accenten <br /> & bull.; 92% Organic Cotton 8% Spandex <br /> & bull.; Ademend stretch biologisch katoen <br /> & bull.; Medium = 8,0"" (21,0 cm) binnenbeenlengte. </ P>",
MSH06,luma_nl_nl,Lono Korte Yogabroek,"<P> Sommige shorts zijn & ldquo; voor alle doeleinden, & rdquo; terwijl de Lono Yoga Short heeft een enkel doel: yoga. Zacht, flexibel materiaal aan de buitenkant beweegt met je lichaam, en een veilige, geïntegreerde Boxer liner geeft je extra vertrouwen als je je lichaam te duwen naar de uiterste grenzen. </ P>
<P> & bull; Donkergrijze broek met mesh accenten <br /> & bull.; Ultra flexibele vier richtingen rekbaar <br /> & bull.; Flatlocknaden en tailleband <br /> & bull.; Twee zakken, <br /> & bull phony vliegen.; Nylon / Lycra buiten, polyester / lycra binnenzijde. </ P>",
MSH07,luma_nl_nl,Rapha Korte Sportbroek,"<P> Voor degenen die op het punt om zweet, ondersteunen wij u met de Rapha Sports Short. De compressie-fit liner omringt uw spieren met de stimulatie die ze nodig hebben om uw hoge versnelling te vinden, terwijl vochtwerende prestaties stof helpt voorkomt zweet opbouw. ​​</ P>
<P> & bull; Zwarte broek met koninklijke accenten <br /> & bull.; Compression liner. <br /> & bull; Binnenbeenlengte:.. 8"" <br /> & bull; In de wasmachine / droog </ p>",
MSH08,luma_nl_nl,Orestes Korte Fitnessbroek,"<P> Je hebt geen excuses om niet te lopen, lift, of speel als je een paar van de Orestes Fitness Short bezitten. Je zal niet klagen over de high-performance polyester wicking stof, veiligheid reflecterende bekleding of naadloze ingebouwde comfort kort, ook niet. </ P>
<P> & bull; Zwarte broek met donker grijze accenten <br /> & bull.; Elastische broekband met koord <br /> & bull.; Ventilerende mesh detaillering <br /> & bull.; 100% polyester en gerecyclede polyester <br /> & bull.; Wassen in de machine, droger laag. </ P>",
MSH09,luma_nl_nl,Troy Korte Yogabroek,"<P> De veelzijdige, universele Troy Yoga Short is knie lengthed een elastische tailleband met koord, waardoor het comfortabel flexibel. De afneembare Lumatech & trade; wicking voering ook bacteriën resistent. </ p>
<P> & bull; Navy polyester krijtstreep shorts <br /> & bull.; Geweven stof en strekt <br /> & bull.; 62% katoen / 34% nylon / 4% spandex <br /> & bull.; Lumatech & trade; lining. </ p>",
MSH10,luma_nl_nl,Sol Active Korte Broek,"<P> U laat uw angst te gaan en uw grenzen te verleggen in uw nieuwe Sol Active Short. Met ultra-ademende werking weefsel en een vlakke het comfort-fit tailleband, de Sol Active Short is ideaal voor high-intensity circuits of high-heat bikram. </ P>
<P> & bull; Lichtblauwe trui broek met mesh detail <br /> & bull.; . 87% Spandex 13% Lycra <br /> & bull; Wasmachine koud wassen, droger lage <br /> & bull.; Superieure prestaties stof <br /> & bull.; Platte naden. </ P>",
MSH11,luma_nl_nl,Arcadio Korte FitnessBbroek,"<P> De Arcadio Gym short is een basic ogende stuk met veel meer dan ontmoet het oog: toevallige-nog-functionele relaxed fit, comfortabele tailleband en verstelbare trekkoord. Alles wat je nodig hebt, plus nog veel meer. </ P>
<P> & bull; Royal blauwe katoenen broek <br /> & bull.; Built-in mesh kort. <br /> & bull; . 87% Spandex 13% Lycra <br /> & bull; Aanrijgkoord. </ P>",
MSH12,luma_nl_nl,Pierce Gym Korte Broek,"<P> De Pierce Gym Short is vergelijkbaar met onze Arcadio Gym Short, maar ontworpen met een ingebouwde, taps toelopende look. Een vlakke band met een verstelbare trekkoord voegt comfort, met zakken met rits voor een veilige, gemakkelijke opslag. </ P>
<P> & bull; Donker rode katoenen shorts. <br /> & bull; 87% Supplex, 13% Lycra <br /> & bull.; Verstelbare trekkoord tailleband <br /> & bull.; Ingebouwde mesh kort <br /> & bull.; Wassen in de machine, droger laag. </ P>",
WH01,luma_nl_nl,Mona Pullover Sportrui,"Of u nu op zoek bent naar energieke activiteit of kleding in het oog springende, de Mona trui is wat je wilt. U zult warm en modieuze look te blijven, waar je ook bent <br /> <br /> & bull.; Lichtgroen heathered hoodie. <br /> & bull; Long-Sleeve, pullovers <br /> & bull.; Lange elliptische zoom voor extra dekking <br /> & bull.; Deep knoopsluiting voor gelaagdheid <br /> & bull.; Double rib ontwerp <br /> & bull.; Mid laag, midden gewicht <br /> & bull.; 98% Merinowol / 2% Spandex",
WH02,luma_nl_nl,Hera Fitness Sportrui,"<P> Maak je klaar om de studio en domineren de yoga-mat in de Hera met capuchon, een gezellige en stijlvolle look voor elk niveau van yogi regeren. </ P>
<P> & bull; Teal met paarse stiching <br /> & bull.; Hoodie pullover <br /> & bull.; Goede pasvorm. </ P>",
WH03,luma_nl_nl,Autumn Yoga Tunic,"<P> Met de ultra-zachte fleece stof en een atletisch ontwerp, onze korte mouwen Autumn Pullie zorgt voor een comfortabele pasvorm dat het een alledaagse essentieel maakt. Een luxe roll nek beschermt u tegen elementen. </ P>
<P> & bull; Cayenne korte mouw col trui. <br /> & bull; Relaxed fit. <br /> & bull; Korte mouwen. <br /> & bull; Machine wassen / drogen. </ P>",
WH04,luma_nl_nl,Miko Fitness Sportrui,"<P> Na kwaliteit fitnessruimte tijd, op de Miko Trui Hoody en houd je lichaam warm. U zult merken dat het modieus genoeg voor de straten, maar comfortabel genoeg om te ontspannen in thuis. </ P>
<P> & bull; Teal two-tone hoodie <br /> & bull.; Lage ronde hals <br /> & bull.; Verstelbare capuchon treksluitingen <br /> & bull.; Langere afgeronde zoom voor extra back dekking <br /> & bull.; Long-stijl van de koker. </ P>",
WH05,luma_nl_nl,Selene Yogavest,"<P> De Selene Yoga Hoodie krijgt u van en naar de studio in semi form-ingerichte comfort. Knus, strakke contouren voeg mode om te functioneren in deze vrij bewegende yoga warm up sweatshirt. </ P>
<P> & bull; Ivory heide full zip 3/4 mouwen en capuchon <br /> & bull.; Zak met rits op de arm voor een gemakkelijke opslag <br /> & bull.; 24.0"" lichaamslengte <br /> & bull;.. 89% Polyester / 11% Spandex </ p>",
WH06,luma_nl_nl,Daphne Full-Zip Sporttrui,"<P> Het Daphne Hoodie is een aantrekkelijke toch robuuste gelaagdheid of buitenste stuk, vooral voor koude dagen en de route van de studio, het doen yardwork of genieten van openluchtrecreatie. </ P>
<P> & bull; Paarse full zip hoodie met roze accenten. <br /> & bull; Heather textuur <br /> & bull.; 4-way stretch <br /> & bull.; Pre-shrunk <br /> & bull.; Kap gevoerd met veganistische Sherpa voor extra warmte <br /> & bull.; Ribboord op de motorkap en voorzakzak <br /> & bull.; 60% katoen / 40% polyester. </ P>",
WH07,luma_nl_nl,Phoebe Trainingsjack,"<P> Een verfijnde laag van warmte wacht u in onze full-zip sweater jas. U zult bereiken voor deze in elk seizoen zijn robuuste buitenkant en pluche interieur te genieten. </ P>
<P> & bull; Gray vol pit hoodie met gele detail <br /> & bull.; Hand-warmer zakken. <br /> & bull; Zip MP3 vak met uitgang voor een hoofdtelefoon draad. <br /> & bull; Polyester katoen. <br /> & bull; Wasbaar. </ P>",
WH08,luma_nl_nl,Cassia Funnel Sporttrui,"<P> De informele Cassia trechter capuchon sporten voorzijde schuin zakken en een trekkoord rek trechter capuchon. Een cowl hals paren met een tagless label of te bedrukken. </ P>
<P> & bull; White full zip hoodie met grijze detail <br /> & bull.; 65% Katoen / 28% Nylon / 7% Spandex <br /> & bull.; Voorkant schuine zakken <br /> & bull.; Tagless label of te bedrukken. </ P>",
WH09,luma_nl_nl,Ariel Roll Sleeve Sporttrui,"<P> Zacht, strak en subtiel, de Ariel Roll Sleeve T-shirt is een genuanceerd fitness kledingstuk voor alle gelegenheden. Het werkt net zo goed als een training stuk of in een informele sociale omgeving. </ P>
<P> & bull; Purple two-tone lichtgewicht hoodie. <br /> & bull; 100% katoen <br /> & bull.; Verstelbare roll sleeves voor lange mouwen of 3/4 mouw <br /> & bull.; Casual, comfortabele stuk voor het uitvoeren van boodschappen of weekend activiteiten. </ P>",
WH10,luma_nl_nl,Helena Fleecejack,"<P> Draag dit hoodie na de sportschool of voor een kille weer fietstocht. Hoe dan ook, deze veelzijdige sweatshirt biedt een moeiteloos aantrekkelijk silhouet en een super-comfortabele pasvorm. Smooth, elastische stof zorgt voor vleiend vorm, terwijl de full-zip sluiting en afzuigkap hulp blok windvlagen. </ P>
<P> Volledige ritssluiting. <br /> Banded manchetten en taille. <br /> Voorzakken. <br /> In de wasmachine / droog. </ p>",
WH11,luma_nl_nl,Eos V-Hals Hoodie,"<P> Aan de kille voordat de les begint? Draag de Eos op weg naar en van yoga voor een leuke en gezellige warmup stuk. Bereik voor zijn betrouwbare comfort en genieten van een super-soft mix van stoffen afgewerkt in sportieve stijl die een verborgen kangaroezak omvat. </ P>
<P> Semi-gemonteerd. <br /> Long-Sleeve. <br /> In de wasmachine / lijn droog. </ p>",
WH12,luma_nl_nl,Circe Outdoor Fleecejack,"<P> Houd rillingen op afstand met de Circe Hooded Ice Vlies. Ultra-dik, hoogpolig fleece vallen je lichaamswarmte en houdt koud buiten. Het koordje motorkap en geribde details toe te voegen extra gezelligheid en een vleugje van klassieke stijl. Zijn ontspannen fit is los genoeg om comfortabel laag over je shirt. </ P>
<P> Volledig-zip front. <br /> drie-paneel hood. <br /> Flatlocknaden overal. <br /> Welt steekzakken. <br /> In de wasmachine / droog. </ p>",
WJ01,luma_nl_nl,Stellar Hardloopjack,"<P> Klop de hitte en jezelf te beschermen tegen zonnestralen met de Stellar Solar Jacket. Het is geladen met alle gemanipuleerde functies die u nodig heeft voor een intense, veilige outdoor training:. 100% UV-bescherming, een ademende geperforeerde constructie en geavanceerde vochtafvoerende technologie </ p>
<P> & bull; Losjes. <br /> & bull; Reflectiviteit. <br /> & bull; Platte naden. <br /> & bull; Machine wassen / droge <br /> & bull.; Donkerroze jack met voorpaneel rouching </ p>",
WJ02,luma_nl_nl,Josie Yoga Top,"<P> Wanneer uw nabije toekomst omvat yoga, de knusse comfort van de Josie Yoga Jacket krijgt uw lichaam en geest klaar. Stretchy Cooltech & trade; stof met rits maakt deze jas rechts toestel voor studio tijd of na teatime. </ p>
<P> & bull; Slate rouched hals trui <br /> & bull.; Vochtafvoerende stof <br /> & bull.; Verborgen rits <br /> & bull.; Mesh oksel ontluchting <br /> & bull.; Dropped achter boord. </ P>",
WJ03,luma_nl_nl,Augusta Yoga Sweater,"<P> Het is moeilijk ongemakkelijk in de Augusta Pullover Jacket & frac14 te zijn; zip. Met een zeer zachte fleece en geweven buitenstof en biedt een betrouwbare bescherming tegen weersinvloeden en comfortabel past ook. </ P>
<P> & bull; Pink half-zip trui. <br /> & bull; Voorvak zakken. <br /> & bull; Neerklapbare kraag. </ P>",
WJ04,luma_nl_nl,Ingrid Hardloopjack,"<P> De Ingrid Running Jacket combineert een strak design en hoge prestaties met slanke, de contouren aangegeven pasvorm en vochtafvoerend materiaal. Het beschikt over een ritssluiting constructie en een kraag nek naar de elementen buiten en lichaamswarmte houden <br /> & bull.; Kleedt slank af. <br /> & bull; Vochtabsorberend materiaal. <br /> & bull; Twee steekzakken. <br /> & bull; Zak met rits aan de achterkant taille. <br /> & bull; Machine wassen / droge <br /> & bull.; Ivory specked full zip </ p>",
WJ05,luma_nl_nl,Riona Sportvest,"<P> De Riona Basic Zip Jacket is de perfecte extra laag voor koud weer workouts. Het beschikt over verbazingwekkende ademend en vocht management, maar full-length rits kunt u matig uw kerntemperatuur nog meer. </ P>
<P> & bull; Bruin gemêleerd full zip rouched jas <br /> & bull.; Side zij zakken voor extra opslag <br /> & bull.; Hoge kraag <br /> & bull.; Dikke manchetten voor extra dekking <br /> & bull.; Duurzaam, vormvastheid materiaal langer mee. </ P>",
WJ07,luma_nl_nl,Inez Sportvest,"<P> De Inez Full Zip jas is meer dan een leuke laag. Het is een full-on tech wonder dat je zult gebruiken voor buiten, voor en na de training. U zult genieten van hoe de gemarkeerde rits en mouw veiligheid trimmen te beschermen en te vangen looks. </ P>
<P> & bull; Paarse heide inzet full zip jas <br /> & bull.; Volledige ritssluiting hoodie <br /> & bull.; Contrast binden aan de ritssluiting, capuchon en mouwen <br /> & bull.; Binnenbeenlengte opbergvakken <br /> & bull.; Duimgaten voor een comfortabele pasvorm. </ P>",
WJ08,luma_nl_nl,Adrienne Outdoor Sportvest,"<P> U bent klaar voor een cross-country jog of een kopje koffie op het terras in de Adrienne Trek Jacket. Zijn stijl is uniek met opstaande kraag en treksluitingen, en het past als een jas zou moeten. </ P>
<P> & bull; grijs 1/4 zip pullover <br /> & bull.; Comfortabel, ontspannen fit <br /> & bull.; Ritssluiting voor het ontluchten <br /> & bull.; Ruim, kangoeroezakken <br /> & bull.; 27"" lichaamslengte <br /> & bull;.. 95% Biologisch katoen / 5% Spandex </ p>",
WJ09,luma_nl_nl,Jade Yoga Jack,"<P> <br /> Als alleen al je andere jassen waren zo comfortabel als de Ruimvallende Jade Yoga Jacket, perfect voor gebruik tijdens het spannen, fietsen van en naar de studio of een wandeling op winderige herfstdagen. </ P>
<P> & bull; Seafoam 1/4 zip pullover met paarse stiksels <br /> & bull.; Lichtgewicht, sneldrogend, waterbestendige constructie <br /> & bull.; Geplooid details op de voor- en achterkant voor een vrouwelijke look <br /> & bull.; Capuchon stort in de kraag <br /> & bull.; Mesh voering voor ventilatie <br /> & bull.; Voorkant rits <br /> & bull.; Hem cinches op zijnaad <br /> & bull.; 100% polyester. </ P>",
WJ10,luma_nl_nl,Nadia Elements Shirt,"<P> Bescherm jezelf tegen wind en regen in de stijlvolle Nadia Elements Shell. Weert water via hydro-bestendige materiaal met fleece voering die een aanraking van warmte toevoegt. Het is afgewerkt met sterk contrast ritsen, verstelbare manchetten en een capuchon. </ P>
<P> & bull; Rits aan de voorkant. <br /> & bull; Ritssluiting zijzakken. <br /> & bull; Koord verstelbare taille en capuchon. <br /> & bull; Wassen in de machine / lijn drogen <br /> & bull.; Lichtblauw 1/4 rits trui. </ P>",
WJ11,luma_nl_nl,Neve Studio Sweater,"<P> Als je constant onderweg bent, de Neve Studio Dance Jacket is voor jou. Het is niet alleen voor de dans, ook niet, met een strakke pasvorm die werkt als een mid-laag. De omkeerbare ontwerp maakt het nog veelzijdiger. </ P>
<P> & bull; Helder blauw 1/4 zip pullover <br /> & bull.; Cooltech & trade; liner is zweetafvoerende <br /> & bull.; Sleeve duimgaten <br /> & bull.; Zipper garage om je kin te beschermen <br /> & bull.; Rekbare kraag koorden. </ P>",
WJ06,luma_nl_nl,Juno Trainingsjack,"<P> Op koudere-dan-comfortabele ochtenden, zul je opwarmen in de Juno All-Ways Performanc Jacket, ontworpen om te concurreren met de wind en chill. Ingebouwde Cocona & reg; technologie helpt verdamping, terwijl een speciale zip sluiting en stand-up kraag houden uw nek beschermd. </ p>
<P> & bull; Verstelbare capuchon </br> & bull.; Fleece gevoerde, met ritssluiting steekzakken </br> & bull.; Thumbhole manchetten </br> & bull.; Volledige ritssluiting </br> & bull.; Mock-hals </br> & bull.; Machine wassen / drogen. </ P>",
WJ12,luma_nl_nl,Olivia Lichtgewicht Sportjas,"<P> Running boodschappen of op weg naar de sportschool, je wil gewoon comfortabel. De Olivia Light Jacket beloftes die, plus een relaxte look. Dit zip-up is ontworpen met schouder strepen voor een sportieve touch en gestreepte taille en voorgevormde naden voor een flatterend silhouet. </ P>
<P> & bull; Loose fit </br> & bull.; . Reflectiviteit </br> & bull; Platte naden </br> & bull.; Machine wassen / drogen. </ P>",
WS02,luma_nl_nl,,"<P> Luma's meest populaire top, de Gabrielle Micro Sleeve is terug met nog meer comfort en stijl. </ P>
<P> & bull; Lime groen v-hals t-shirt <br /> & bull.; Vermagering, mooie pasvorm <br /> & bull.; Vochtafvoerende, sneldrogend, anti-microbiële en anti-geur bouw <br /> & bull.; Langere gebogen zoom zorgt voor extra dekking <br /> & bull.; 55% Hennep / 45% biologisch katoen. </ P>",
WS03,luma_nl_nl,Iris Fitness Shirt,"<P> Iris training is Top mouwen, lichaamaanpassingsdelen en vocht wicking een modieus, functioneel kledingstuk. Rouched texturen stijl toe te voegen. </ P>
<P> & bull; Roze heide rouched v-hals <br /> & bull.; Scoop hals <br /> & bull.; Hoekige platte naden <br /> & bull.; Zweettransporterend <br /> & bull.; Body skimming <br /> & bull.; 83% polyester / 11% TENCEL & reg; Lyocell / 6% Lycra & reg; Spandex. </ P>",
WS04,luma_nl_nl,Layla T-Shirt,"<P> Ga sporten of rondhangen in chique stijl in de T-shirt Layla. Met een lichtgewicht pure design en een ruime hals, dit t-shirt past u comfortabel tijdens het kijken stijlvol. </ P>
<P> & bull; Teal t-shirt <br /> & bull.; Lange rug zoom <br /> & bull.; Gedaald schouders. </ P>",
WS06,luma_nl_nl,Elisa EverCool&trade; T-Shirt,"<P> Als de stijgende temps dreigen om u neer te smelten, Elisa EverCool & trade; T-shirt brengt serieuze opluchting. Vochtafvoerende stof trekt zweet af van de huid, terwijl de innovatieve naden knuffel je spieren om uw bereik van de beweging te verbeteren. </ P>
<P> & bull; Paarse heide v-hals t-shirt <br /> & bull.; Korte mouwen <br /> & bull.; Luma EverCool & trade; kleding stof. <br /> & bull; Wassen in de machine / lijn droog. </ P>",
WS07,luma_nl_nl,Juliana Korte Broek-Sleeve T-Shirt,"<P> De T-shirt van Juliana korte mouw geeft u meer dan sportieve stijl. Bedenk dat de zachte Cocona & reg; polyester stof versnelt de verdamping van te houden helpen je droog en comfortabel, ook. En een selectie van kleuren kun je meer dan één. </ P>
<P> & bull; Black ronde hals t-shirt <br /> & bull.; Side rouching <br /> & bull.; Relaxed fit. </ P>",
WS08,luma_nl_nl,Minerva LumaTech&trade; V-Hals T-Shirt,"<P> Laat u niet misleiden door het eenvoudige ontwerp van onze Minerva Lumatech & trade; V-hals T-shirt. Dit klassieke training top is voorzien van dezelfde ernstige zweetafvoerende technologie als een van de duurdere t-shirts in onze line-up. </ P>
<P> & bull; Navy blauwe heide zacht v-hals t-shirt <br /> & bull.; Flatlocknaden op schuren-free het comfort <br /> & bull.; Relaxed cut <br /> & bull.; Ultra-lichtgewicht stof <br /> & bull.; Machine wassen / drogen. </ P>",
WS09,luma_nl_nl,Tiffany Fitness T-Shirt,"<P> U zult uit te werken en te kijken schattig doen in de korte mouwen Tiffany Fitness T-shirt. De langere lengte getailleerde pasvorm bieden een gladder silhouet, terwijl ronde hals patroon en draperen effecten geven een trendy aanraking. </ P>
<P> & bull; Teal zachte ronde hals t-shirt <br /> & bull.; Contraststiksels patroon. <br /> & bull; Machine wassen / drogen. </ P>",
WS10,luma_nl_nl,Karissa V-Hals T-Shirt,"<P> De T-shirt Karissa V-hals voorzien van een semi-uitgerust vorm die is flatterend voor elk figuur. U kunt de sportschool raken met vertrouwen terwijl het bochten en huiden gemeenschappelijke ""probleem"" gebieden knuffels. </ P>
<P> & bull; Roze Heide zachte v-hals t-shirt. <br /> & bull; Luma handtekening micro mouwen <br /> & bull.; Semi-gemonteerd. <br /> & bull; Machine wassen / drogen. </ P>",
WS11,luma_nl_nl,Diva Sportschool T-Shirt,"<P> De Diva Gym T-shirt voelt als uw favoriete recht uit de mailbox. Micro-mouwen, lichtgewicht en extra comfortabel, het is een toevallige nietje dat huiden uitmuntend comfort achter een laid-back, zorgeloze look. </ P>
<P> & bull; Heldergele v-hals shirt <br /> & bull.; Vochtabsorberend materiaal. <br /> & bull; Lange mouwen. <br /> & bull; Wassen in de machine / lijn droog. </ P>",
WS12,luma_nl_nl,Radiant T-Shirt,"<P> Zo licht en comfortabel, zult u van de T-shirt van Radiant organische stof, gevoel, prestaties en stijl. Je mag nooit willen stoppen met bewegen in dit shirt. </ P>
<P> & bull; Zalm zachte ronde hals t-shirt <br /> & bull.; Atletisch, semi-vormsluiting <br /> & bull.; Platte naden schuren voorkomen <br /> & bull.; 67% Organic Cotton / 28% hennep / 5% Spandex. </ P>",
WS01,luma_nl_nl,Gwyn Endurance T-Shirt,"<P> Als de mijl optellen, het comfort is van cruciaal belang. De korte mouwen Gwyn Endurance T-shirt is ontworpen met een ultra-lichtgewicht mix van ademende stoffen om u te helpen uw training aan te pakken. Female-specifieke naden en een sportief v-hals aanbod subtiele stijl. </ P>
<P> & bull; Korte mouwen <br /> & bull.; Wassen in de machine / lijn droog. </ P>",
WS05,luma_nl_nl,Desiree Fitness T-Shirt,"<P> Als je te ver bent om terug te keren, ik dank u voor het kiezen van de T-shirt van Desiree Fitness. De ultra-lichtgewicht, ultra-ademende stof transporteert zweet van je lichaam en helpt houdt je koel voor de afstand. </ P>
<P> & bull; Korte mouwen <br /> & bull.; Prestaties stof <br /> & bull.; Wassen in de machine / lijn droog. </ P>",
WB01,luma_nl_nl,Electra Sport-bh,"<P> Een hemels zacht en stijlvol eco kledingstuk, de Electra Bra Top is perfect voor het dragen op zichzelf als een hot yoga top of gelaagd onder een tank. </ P>
<P> & bull; Gray rouched beha top <br /> & bull.; Aantrekkelijk bandjes zijn voorzien van contrasterende motief stof <br /> & bull.; Interieur bh top is bekleed met ademende <br /> & bull.; Elastische underband voor superieure ondersteuning <br /> & bull.; Verwijderbare inserts cup <br /> & bull.; Chafe-vrij platte naden zorgen voor extra comfort. </ P>",
WB02,luma_nl_nl,Erica Evercool Sport-bh,"<P> Perfect voor middelgrote impact workouts, onze Erica EverCool & trade; Sportbeha brengt een briljante combinatie van comfort en stijl. Vochtafvoerende technologie houdt je droog, en de vleiende hybride racerback belooft een ongeëvenaarde bereik van de beweging. </ P>
<P> & bull; Honingraat licht blauwe beha top <br /> & bull.; Elastische boord <br /> & bull.; Versterkte binding. <br /> & bull; Machine wassen / drogen. </ P>",
WB03,luma_nl_nl,Celeste Sports-bh,"<P> Wat uw doelen voor de dag van de training, de Celeste Sportbeha laat je het doet in comfort en koelte, plus verbeterde ondersteuning en vormgeven. Een power achterkant met zone en vochtafvoerend materiaal ervoor zorgen dat u droog blijft. </ P>
<P> & bull; Mint beha top. <br /> & bull; Naad binnenruimte cups <br /> & bull; Geurbestrijding. <br /> & bull; UV bescherming. <br /> & bull; Machine wassen / drogen. </ P>",
WB04,luma_nl_nl,Prima Compete Sport Top,"<P> Trek aan de Prima Compete Bra Top en u zult genieten van de stof: zacht, elastisch, en ultra lichtgewicht. Maar je zult ook genieten van de racerback gesneden, voor een vrijer verkeer door al uw sportieve prestaties. <br /> `<br /> & bull; Colourblocked gegevens <br /> & bull.; Wassen in de machine / lijn droog. </ P>",
WB05,luma_nl_nl,Lucia Cross-Fit BH,"<P> Omdat het cool is een groot deel van het zijn comfortabel, en daarom is voorzien van de Lucia Cross-Fit Bra vochtafvoerende technologie evenals zachte, lichte kwaliteit. </ P>
<P> & bull; Zwart / witte beha top. <br /> & bull; Kriskras back ontwerp. <br /> & bull; Machine wassen / drogen. </ P>",
WT01,luma_nl_nl,,"<P> stijl, prestaties en comfort mix it up in het Bella Tank. Met opvallende kleur blok contrast, voorzien van de vorm en een ingebouwde bh, wordt u ondersteund en stijlvol tegelijk. </ P>
<P> & bull; Navy blauwe tank top - katoen <br /> & bull;. Vrouwelijke ronde hals <br /> & bull.; Vermogen netstofvoering in plank bh voor superieure ondersteuning <br /> & bull.; Zachte, ademende stof <br /> & bull.; Dry lont stof om verblijf koel en droog. </ P>",
WT02,luma_nl_nl,,"<P> De Zoe Tank leads met opvallende fitness-pop looks, het houden van uw stijl studio uptrend. De binnenste plank beha en zachte, ademende stof maakt u een tank top dat uiterlijk, voelt en past geweldig. </ P>
<P> & bull; Zalm heide tank top <br /> & bull.; 1"" elastische band binnenbeha <br /> & bull;. Netvoering op plank bh voor ondersteuning <br /> & Stier;. Zachte, ademende stof <br /> & bull;.. Droog wiek weefsel verblijf koel en droog </ p>",
WT03,luma_nl_nl,,"<P> Een kast go-to, de Nora Practice Tank kan gedragen worden op of na de training of onder een baggy t-shirt voor een relaxte stijl. Perfecte pasvorm en zeer comfortabel! </ P>
<P> & bull; Roze gestripte tank met kant rouching <br /> & bull.; Pre-shrunk <br /> & bull.; Garment geverfd <br /> & bull.; 92% Biologisch katoen / 8% lycra. </ P>",
WT04,luma_nl_nl,,"<P> Het maakt niet uit of je doel is 5 mijl of een uur van Vinyasa, omdat onze Nona Fitness Tank doet het allemaal. Je hoeft ook niet te offeren - dat v-hals top is voorzien van glad, schuren-vrij naden en een ademende terug insert. Schattig, ook. </ P>
<P> & bull; Blauw / wit gestreepte mesh tank <br /> & bull.; Relaxed fit. <br /> & bull; Schuren resistente afwerking rond de armen en kraag. <br /> & bull; Machine wassen / drogen. </ P>",
WT05,luma_nl_nl,,"<P> De Leah Yoga Top biedt een praktische, comfortabele bovenste waarbij je niet hoeft te leveren op stijl. Body knuffelen fit en interieur plank beha maakt het geschikt voor actieve of vrijetijdsbesteding. </ P>
<P> & bull; Blue heide rouched tank top <br /> & bull.; Topje tank top <br /> & bull.; Banding en opstropen gegevens <br /> & bull.; Body knuffelen fit <br /> & bull.; Contrast stik <br /> & bull.; Interieur plank beha met shapewear technologie <br /> & bull.; 65% Polyester 35% Katoen. </ P>",
WT06,luma_nl_nl,,"<P> U hebt uw figuur verdiend, dus blijf koel en laat het niet al het praten in de vorm uitgeruste, strak racerback Chloe Compete Tank. Geschikt voor totaal bewegingsbereik en prestatie, wordt de Nona gemaakt met ademende mesh stof. </ P>
<P> & bull; Koningsblauw tank top - nylon / spandex <br /> & bull.; FLATLOCK stikken <br /> & bull.; Vochtabsorberend materiaal. <br /> & bull; Ergonomisch naden. <br /> & bull; Machine wassen / drogen. </ P>",
WT07,luma_nl_nl,,"<P> Met elkaar rakende naden en vochtregulerende vermogen, de Maya's Tunic kunt u uit te werken in alle comfort. </ P>
<P> & bull; Mintgroen heide tuniek-stijl tank. <br /> & bull; Verpakt terug met uitgesneden detail <br /> & bull.; Trekkoord detail aan het einde <br /> & bull.; Abutted naden. </ P>",
WT08,luma_nl_nl,,"<P> Je weet niet wat je het beste bevalt over het Antonia Racer Tank: zacht, rekbaar, lichtgewicht stof? Super-cute colourblocked gegevens? Wat het ook is, dit stuk is zeker om snel te verplaatsen naar het begin van de training draaien. </ P>
<P> & bull; Wassen in de machine <br /> & bull.; Line droog. </ P>",
WT09,luma_nl_nl,,"<P> De Breathe Easy Tank is zo zacht, licht en comfortabel, zul je niet eens weet dat het er is - tot de high-tech Cocona & reg; weefsel begint wicking zweet weg van je lichaam om u te helpen droog blijven en gefocust. Laag het over je favoriete sport-bh en in beweging te krijgen. </ P>
<P> & bull; Machine wassen / droge <br /> & bull.; Cocona & reg; stof. </ p>",
WP01,luma_nl_nl,Karmen Yoga Leggings,"<P> Goed voor hardlopen, wandelen, loungen of strekken, de Cora Parachute Broek presenteert comfortabele styling ontworpen om u te helpen kijken en een goed gevoel. </ P>
<P> & bull; Lichtblauw parachute broek <br /> & bull.; Vermogen mesh interne tailleband voor ondersteuning <br /> & bull.; Interne tailleband pocket <br /> & bull.; Antimicrobiële afwerking. </ P>",
WP02,luma_nl_nl,,"<P> Deze comfortabele en praktische legging koppelen perfect met een training top of casual t-shirt. De Emma's subtiel contrast stof en past Zo bent u verzekerd stijlvol zonder te overdrijven. </ P>
<P> & bull; Lichtblauw heide yoga broek. <br /> & bull; Body knuffelen fit <br /> & bull.; Laagbouw fit. </ P>",
WP03,luma_nl_nl,Ida Workout Parachute Sportbroek,"<P> Het Ida Workout Parachute Broek is gemaakt van lichtgewicht, super-zachte stof die zorgt voor optimaal comfort tijdens elk niveau van activiteit, of Downward Dog of een paar trail mijl. </ P>
<P> & bull; Koningsblauw parachute broek <br /> & bull.; Contrast streep <br /> & bull.; Relaxed fit. <br /> & bull; Trekkoord sluiting <br /> & bull.; Machine wassen / drogen. </ P>",
WP04,luma_nl_nl,Cora Parachute Sportbroek,"<P> Goed voor hardlopen, wandelen, loungen of strekken, de Cora Parachute Broek presenteert comfortabele styling ontworpen om u te helpen kijken en een goed gevoel. </ P>
<P> & bull; Lichtblauw parachute broek <br /> & bull.; Vermogen mesh interne tailleband voor ondersteuning <br /> & bull.; Interne tailleband pocket <br /> & bull.; Antimicrobiële afwerking. </ P>",
WP05,luma_nl_nl,,"<P> Contrast kleuren, full-length legging en opake, uitermate rekbaar materiaal bepalen de Sahara. Flat-locked naden en sneldrogend wicking eigenschappen schuren voorkomen. Een diepe elastische tailleband en zorgvuldig gepositioneerd seamlines maken vleien silhouet. </ P>
<P> & bull; Krijtstreep legging met rouched enkels <br /> & bull.; Geheime zak in de tailleband <br /> & bull.; Platte naden voor comfort <br /> & bull.; Shaped fit met een lage opkomst <br /> & bull.; 4-way stretch, vochtafvoerende materiaal. </ P>",
WP06,luma_nl_nl,,"<P> Perfect voor warm bikram sessie of cooling-down stretching. 8 procent stretch betekent dat je het gevoel dat alles mogelijk is in de capri-stijl Diana Tights. </ P>
<P> & bull; Zwarte legging met leisteen gegevens <br /> & bull.; Flat-lock, schuren-free zijnaden <br /> & bull.; Geventileerd kruisje <br /> & bull.; Secret binnenzak <br /> & bull.; Duurzame en gerecycleerde stoffen. </ P>",
WP07,luma_nl_nl,,"<P> Bereik voor de sterren en verder in deze Aeon Capri broek. Met een zacht en comfortabel gevoel en vochtafvoerend materiaal, deze duo-tone leggings zijn gemakkelijk te dragen - en slijtage sfeervol </ p>.
<P> & bull; Black capri met blauwgroen accenten <br /> & bull.; Dikke, 3"" flatterende tailleband <br /> & bull;.. Media zak aan de binnenkant tailleband <br /> & bull;. Dry lont afwerking voor ultiem comfort en droogheid </ p>",
WP08,luma_nl_nl,,"<P> Black is back & mdash; was het ooit gegaan? & Mdash; wat betekent dat al uw favoriete toppen zal opschieten met de comfortabele en veelzijdige Bardot Capri. </ p>
<P> & bull; Black capri met roze tailleband <br /> & bull.; Bijgesneden leggings <br /> & bull.; Tailleband rijgkoord. <br /> & bull; Flat, dun en flatterende <br /> & bull.; Gemaakt met organische stof. </ P>",
WP09,luma_nl_nl,,"<P> Perfect als workout broek of ""accessoire,"" de Carina Basic Capri is comfortabel als praktisch -. Probeer het onder rokken of shorts </ p>
<P> & bull; Black capri met rouching detail <br /> & bull.; 93% katoen, 7% elastaan ​​<br /> & bull.; Elastische tailleband <br /> & bull.; Versterkte naden met zichtbare stiknaden <br /> & bull.; Zachte, middelzware jersey met stretch. </ P>",
WP10,luma_nl_nl,Daria Bikram 3/4 Leggings,"<P> De Daria Bikram Broek is ontworpen om te rekken en bewegen met je lichaam om extreme yoga uiterst comfortabel te maken. </ P>
<P> & bull; Heather grijs capri met roze gestreepte taille <br /> & bull.; Flatlocknaden <br /> & bull.; Binnenzak. </ P>",
WP11,luma_nl_nl,,"<P> Een elegant, slendering blik in nieuwe Silvia Capri. Haar-ingenieur ontworpen ondersteunende stof voelt goed en geeft de illusie van een slankere fit. </ P>
<P> & bull; Groen gestreepte capri <br /> & bull.; Strategische zijnaad <br /> & bull; Comfort kruisje met voering <br /> & bull.; Platte naden <br /> & bull.; Brede tailleband <br /> & bull.; Zweettransporterend. </ P>",
WP12,luma_nl_nl,,"<P> Een krachtige yoga met dit Deirdre relaxed-fit Capri, ontworpen om u te laten bewegen zonder spanning of beperking. </ P>
<P> & bull; Heather grijs capri met mint groene taille & accenten <br /> & bull.; Comfortabel, ontspannen fit met een hoge opkomst <br /> & bull.; Vochtafvoerende, 4-way stretch constructie <br /> & bull.; Gevoerd met gaas voor een betere ondersteuning <br /> & bull.; Verborgen zak in de tailleband <br /> & bull.; Flatlocknaden en gevoerd kruisje voor comfort. </ P>",
WP13,luma_nl_nl,,"<P> Van yoga bij zonsopgang tot 's avonds opgerold met een boek, onze Portia Capri geeft u het comfort en de vrijheid om mee te varen door de dag. De hoge taille ontwerp zorgt ervoor dat u gedekt terwijl je buigen en strekken, terwijl contrast strepen beloven een vleugje sportieve stijl. </ P>
<P> & bull; Zalm heide capri zweten <br /> & bull.; Relaxed fit, hoge taille. <br /> & bull; Binnenbeenlengte: 21"" <br /> & bull; Brede elastische tailleband <br /> & bull; In de wasmachine / droog </ p>...",
WSH01,luma_nl_nl,Fiona Fitness Korte Broek,"<P> Laat niet de eenvoudige stijl gek houden: de Fiona Fitness Short eist bericht op verschillende niveaus. Comfort, natuurlijk. Maar ook een prestatie-grade wicking stof die alles neemt je mee kan geven. </ P>
<P> & bull; Zwarte piste shorts <br /> - katoen / spandex <br /> & bull;. 5 & ​​rdquo; inseam <br /> & bull.; Wassen in de machine / Line droog. </ P>",
WSH02,luma_nl_nl,Maxima Drawstring Korte Broek,"<P> Zelfs relaxte vrouwen willen verblijven stijlvol, en dat is precies wat de Maxima Drawstring Short levert. Een elastiek in de taille houdt de passen flexibele, op het dek thuis of op een parcours lopen. Sportief tennis flair voegt een sportieve accent. </ P>
<P> & bull; Lichtgrijs run shorts <br /> - katoen polyester. <br /> & bull; Contrast bindend. <br /> & bull; 3"" inseam <br /> & bull;.. In de wasmachine / droog </ p>",
WSH03,luma_nl_nl,Gwen Drawstring Bike Korte Broek,"<P> Voor een volledig moderne stijl met vochtafvoerende Cooltech & trade; technologie, probeer dan de Gwen Drawstring Bike Short. Subtiele grijstinten en opvallende stiksels te combineren met een verstelbare taille voor de perfecte look en pasvorm. </ P>
<P> & bull; Donker grijs gespikkeld rouched fietsbroek <br /> & bull.; Gemonteerd. Binnenbeenlengte:.. 2"" <br /> & bull; In de wasmachine / droog </ p>",
WSH04,luma_nl_nl,Artemis Running Korte Broek,"<P> Ontdek glad joggen en chique het comfort elke keer dat u glijden in de Artemis Running Short. Een uniek maritiem geïnspireerd ontwerp en oolor thema is voorzien van een elastische koord aan. </ P>
<P> & bull; Black rouched shorts met munt taille. <br /> & bull; Zacht, lichtgewicht constructie <br /> & bull.; Lumatech & trade; wicking technologie <br /> & bull.; Semi-gemonteerd. </ P>",
WSH05,luma_nl_nl,Bess Yoga Korte Broek,"<P> Passend voor intense fysieke activiteit & ndash; denk bikram & ndash; onze Bess Yoga Short is voorzien van vochtafvoerende, vier-way stretch stof waarmee u alle kanten op bewegen. Een geventileerde kruisje voegt ademend vermogen en bereik van de beweging. </ P>
<P> & bull; Navy katoenen broek met lichte bue taille detail <br /> & bull.; Voorzijde geplooide tailleband <br /> & bull.; Flat-lock, schuren-free zijnaden <br /> & bull.; Geventileerd kruisje <br /> & bull.; Verborgen binnenzak <br /> & bull.; Duurzame en gerecycleerde stoffen. </ P>",
WSH06,luma_nl_nl,Angel Light Running Korte Broek,"<P> The Angel Light Running Short biedt comfort in een ultra-lichtgewicht, ademend pakket. Met stof doordrenkt met alle natuurlijke Cocona & reg; prestaties technologie, kan het weg te vegen zweet en blokkeren UV-stralen. </ p>
<P> & bull; Donker grijs gespikkeld sportbroek <br /> & bull.; Nauwsluitend. <br /> & bull; Elastische tailleband. <br /> & bull; Cocona & reg; prestaties stof. <br /> & bull; Machine wassen / drogen. </ P>",
WSH07,luma_nl_nl,Echo Fit Compression Korte Broek,"<P> Je spieren weet dat het er op het moment dat je trek aan de Echo Fit Compression Short. Een balans van de onderneming, het stimuleren van squeeze met ademend vermogen, biedt het de ondersteuning en comfort die u nodig hebt om het je allemaal te geven. </ P>
<P> & bull; Black compressie shorts <br /> & bull.; Hoge taille cut <br /> & bull.; Compressie fit <br /> & bull.; Binnenbeenlengte:.. 1.0"" <br /> & bull; In de wasmachine / droog </ p>",
WSH08,luma_nl_nl,Sybil Running Korte Broek,"<P> Gelukkig, het is oke leuk om naar te kijken terwijl u uit te werken. De Sybil Running Short combineert een leuke, kleur-geblokkeerde ontwerp met ademende stof voor sportief-fun stijl. </ P>
<P> & bull; Blue runningshort met groene taille <br /> & bull.; Koord-verstelbare taille <br /> & bull.; 4"" binnenbeenlengte. In de wasmachine / lijn droog. </ P>",
WSH09,luma_nl_nl,Mimi All-Purpose Korte Broek,"<P> U kunt lopen, fietsen of zwemmen in de doe-het even wat, waterbestendigheid Mimi Short. Geen zorgen te maken over-wrijven-geïnduceerde pijn, hetzij met flatlocknaden en zacht, schuren-bestendig materiaal. </ P>
<P> & bull; Grijs / seafoam tweelaags short <br /> & bull.; Waterbestendige constructie <br /> & bull.; Inner mesh kort voor ademende ondersteuning <br /> & bull.; 2.0"" inseam <br /> & bull;.. Reflecterende bekleding van de zichtbaarheid </ p>",
WSH10,luma_nl_nl,Ana Running Korte Broek,"<P> Tijd om lace up uw schoppen en slaan die persoonlijk beste in de Ana Running Short. Het is ontworpen met ademende zijpanelen helpen je koel te houden terwijl je de mijl knie te krijgen. </ P>
<P> & bull; Zwart / roze tweelaags shorts <br /> & bull.; Laagbouw elastische tailleband <br /> & bull.; Relaxed fit. <br /> & bull; Ultra-lichtgewicht stof. <br /> & bull; Interne trekkoord. <br /> & bull; Machine wassen / drogen. </ P>",
WSH11,luma_nl_nl,Ina Compression Korte Broek,"<P> Een van Luma's meest populaire items, de Ina Compression Short heeft u gedekt met een uitzonderlijke steun en comfort, of u het pad uitvoert, rijdend op een fiets of het rippen uit herhalingen. De ventilerende stof biedt verkoelende werking en voorkomt irritant schuren. </ P>
<P> & bull; Royal blauwe fiets shorts <br /> & bull.; Compressie fit. <br /> & bull; Vochtafvoerende. <br /> & bull; Anti-microbiële. <br /> & bull; Machine wassen / drogen. </ P>",
WSH12,luma_nl_nl,Erika Running Korte Broek,"<P> Een grote short met een nauwsluitende ontwerp, de Erika Running Short is ideaal voor lopers die liever een ingerichte korte plaats van de traditionele baggy variëteit. </ P>
<P> & bull; Seafoam patroon runningshort <br /> & bull.; Elastische tailleband <br /> & bull.; Goede pasvorm <br /> & bull.; 4 '' inseam <br /> & bull.; 76% premie geborsteld Nylon / 24% Spandex. </ P>",
EB-400,luma_nl_nl,,"<Div data-inhoud-type = ""rij"" data-weergave = ""bevatte"" data-element = ""main""> <div data-enable-parallax = ""0"" data-parallax-speed = ""0.5"" data-achtergrond- images = ""{}"" data-achtergrond-type = ""image"" data-videoloop = ""true"" data videoweergave-only toegankelijk = ""true"" data-video-lui-load = ""true"" data- video-fallback-src = """" data-element = ""inner"" style = ""justify-gehalte: flex-start; weergave: flex, flex-richting: kolom; background-position: links boven; background-size: dekken; background -Herhaal: no-repeat; background-attachment: scroll; border-style: none; border-width: 1px; border-radius: 0px; margin: 0px 0px 10px; padding: 10px; ""> </ div> </ div >",